name,"smiles","Standard Type","Standard Relation","Standard Value","Standard Units","Target ChEMBL ID","Database","Activity"
"CHEMBL428690","CN1CC[C@H](c2c(O)cc(O)c3c(=O)cc(-c4ccccc4Cl)oc23)[C@H](O)C1","Kd","=",120,"nM","CHEMBL5719","ChEMBL",1
"CHEMBL406845","CC(C)(C)n1nc(-c2ccc(Cl)cc2)c2c(N)ncnc21","Ki","=",794.33,"nM","CHEMBL5719","ChEMBL",1
"CHEMBL296468","CC(C)(C)c1cnc(CSc2cnc(NC(=O)C3CCNCC3)s2)o1","Ki","=",199.53,"nM","CHEMBL5719","ChEMBL",1
"CHEMBL50894","O=C1Cc2c([nH]c3ccc([N+](=O)[O-])cc23)-c2ccccc2N1","Ki","=",794.33,"nM","CHEMBL5719","ChEMBL",1
"CHEMBL103667","Cc1ccc(-n2nc(C(C)(C)C)cc2NC(=O)Nc2ccc(OCCN3CCOCC3)c3ccccc23)cc1","Kd","=",220,"nM","CHEMBL5719","ChEMBL",1
"CHEMBL1336","CNC(=O)c1cc(Oc2ccc(NC(=O)Nc3ccc(Cl)c(C(F)(F)F)c3)cc2)ccn1","Kd","=",310,"nM","CHEMBL5719","ChEMBL",1
"CHEMBL422897","CN1CCC(c2c(O)cc(O)c3c(=O)cc(-c4ccccc4Cl)oc23)C(O)C1","Ki","=",1.995,"nM","CHEMBL5719","ChEMBL",1
"CHEMBL223360","Cc1ccc(F)c(NC(=O)Nc2ccc(-c3cccc4[nH]nc(N)c34)cc2)c1","Kd","=",95,"nM","CHEMBL5719","ChEMBL",1
"CHEMBL388978","CN[C@@H]1C[C@H]2O[C@@](C)([C@@H]1OC)n1c3ccccc3c3c4c(c5c6ccccc6n2c5c31)C(=O)NC4","Kd","=",510,"nM","CHEMBL5719","ChEMBL",1
"CHEMBL225519","O=C1NCCc2[nH]c(-c3ccncc3)cc21","Ki","=",10,"nM","CHEMBL5719","ChEMBL",1
"CHEMBL243298","O=C(O)c1ccccc1Nc1ccnc(Nc2cccc(F)c2)n1","Ki","=",501.19,"nM","CHEMBL5719","ChEMBL",1
"CHEMBL242865","O=C(O)c1ccccc1Nc1ccnc(Nc2ccc([N+](=O)[O-])cc2)n1","Ki","=",316.23,"nM","CHEMBL5719","ChEMBL",1
"CHEMBL244378","O=C(O)c1ccccc1Nc1ccnc(Nc2ccc3cn[nH]c3c2)n1","Ki","=",316.23,"nM","CHEMBL5719","ChEMBL",1
"CHEMBL243664","COc1ccc(-c2cc(=O)c3c(O)cc(O)cc3o2)cc1","Ki","=",630.96,"nM","CHEMBL5719","ChEMBL",1
"CHEMBL482767","O=C(Nc1cccc(Cl)c1)Nc1ncc(CCNc2ncnc3ccsc23)s1","Ki","=",1.585,"nM","CHEMBL5719","ChEMBL",1
"CHEMBL574738","CCN1CCN(Cc2ccc(NC(=O)Nc3ccc(Oc4cc(NC)ncn4)cc3)cc2C(F)(F)F)CC1","Kd","=",1.4,"nM","CHEMBL5719","ChEMBL",1
"CHEMBL1171837","Cc1ccc(C(=O)Nc2ccc(CN3CCN(C)CC3)c(C(F)(F)F)c2)cc1C#Cc1cnc2cccnn12","IC50","=",14,"nM","CHEMBL5719","ChEMBL",1
"CHEMBL1230609","COc1cc2c(Oc3ccc(NC(=O)C4(C(=O)Nc5ccc(F)cc5)CC4)cc3F)ccnc2cc1OCCCN1CCOCC1","Kd","=",130,"nM","CHEMBL5719","ChEMBL",1
"CHEMBL1234833","CC(C)c1cnn2c(NCc3ccccc3)cc(N[C@@H](CO)[C@H](O)CO)nc12","IC50","=",90,"nM","CHEMBL5719","ChEMBL",1
"CHEMBL1409113","CC1CCc2nc(N)c(C#N)c(-c3cccnc3)c2C1","IC50","=",500,"nM","CHEMBL5719","ChEMBL",1
"CHEMBL1421720","O=C(Cc1cccs1)Nc1nc2ccccc2s1","Ki","=",398.11,"nM","CHEMBL5719","ChEMBL",1
"CHEMBL1964441","CNCC#Cc1cnc(N)c2c(-c3ccc(NC(=O)Nc4cccc(C)c4)cc3)csc12","Ki","=",39.81,"nM","CHEMBL5719","ChEMBL",1
"CHEMBL1964444","Cc1ccc2nccc(NC(=O)Nc3cccc(C(F)(F)F)n3)c2c1","Ki","=",199.53,"nM","CHEMBL5719","ChEMBL",1
"CHEMBL1964902","CC(C)(C)c1cc(NC(=O)C(=O)c2cccc3ccccc23)n(-c2cccc(OCC(=O)O)c2)n1","Ki","=",316.23,"nM","CHEMBL5719","ChEMBL",1
"CHEMBL1964948","CN(C)CCCN(C)C(=O)c1cccc(-n2nc(C(C)(C)C)cc2NC(=O)Nc2cccc3ccccc23)c1","Ki","=",398.11,"nM","CHEMBL5719","ChEMBL",1
"CHEMBL1965033","Cc1cc(=O)[nH]nc1-c1ccc(NC(=O)Nc2cc(C(F)(F)F)ccc2F)cc1","Ki","=",199.53,"nM","CHEMBL5719","ChEMBL",1
"CHEMBL1965170","COc1ccc(NC(=O)Nc2ccc(-c3csc4c(-c5cnn(CC(O)CO)c5)cnc(N)c34)cc2)cc1","Ki","=",63.1,"nM","CHEMBL5719","ChEMBL",1
"CHEMBL1965387","Nc1n[nH]c2c(OCCCn3cccc3)ccc(-c3ccc(NC(=O)Nc4cccc(Cl)c4)cc3)c12","Ki","=",50.12,"nM","CHEMBL5719","ChEMBL",1
"CHEMBL1965660","NC(=O)c1cc(-c2ccnc(N)n2)[nH]c1-c1ccc(Cl)cc1Cl","Ki","=",15.85,"nM","CHEMBL5719","ChEMBL",1
"CHEMBL1965702","CN(C)C1CCCC(Nc2nc(Cl)cc(-c3c[nH]c4ncccc34)n2)C1","Ki","=",1.995,"nM","CHEMBL5719","ChEMBL",1
"CHEMBL1967252","Cc1n[nH]c2ccc(-c3cccnc3)cc12","Ki","=",25.12,"nM","CHEMBL5719","ChEMBL",1
"CHEMBL1967336","O=C(Nc1cnccn1)Nc1ccnc2c(F)cc(F)cc12","Ki","=",251.19,"nM","CHEMBL5719","ChEMBL",1
"CHEMBL1967513","O=C(Nc1cccc(C(F)(F)F)n1)Nc1ccnc2ccc(Cl)cc12","Ki","=",63.1,"nM","CHEMBL5719","ChEMBL",1
"CHEMBL1967887","Cc1n[nH]c2ccc(-c3cncc(OCCN)c3)cc12","Ki","=",39.81,"nM","CHEMBL5719","ChEMBL",1
"CHEMBL1967992","N#Cc1ccc(-c2ccncc2)cc1NCc1ccccc1","Ki","=",79.43,"nM","CHEMBL5719","ChEMBL",1
"CHEMBL1969151","CN(C)C1CCC(Nc2nc(Cl)cc(-c3c[nH]c4ncccc34)n2)CC1","Ki","=",15.85,"nM","CHEMBL5719","ChEMBL",1
"CHEMBL1969942","O=C(Nc1ccc(-c2ccc3cn[nH]c3c2)cc1)Nc1cccc(F)c1","Ki","=",125.89,"nM","CHEMBL5719","ChEMBL",1
"CHEMBL1970290","CCN(CC)CCNC(=O)c1cccc(-n2nc(C(C)(C)C)cc2NC(=O)Nc2cccc3ccccc23)c1","Ki","=",1000,"nM","CHEMBL5719","ChEMBL",1
"CHEMBL1970340","Nc1noc2cccc(-c3cccc(O)c3)c12","Ki","=",501.19,"nM","CHEMBL5719","ChEMBL",1
"CHEMBL1970352","CCOC(=O)c1c(C)n(-c2ccc(I)cc2)c2c1cc(O)c1ccccc12","Ki","=",1000,"nM","CHEMBL5719","ChEMBL",1
"CHEMBL1971289","CCOc1ccc(C=C2SC(=N)NC2=O)c(O)c1","Ki","=",630.96,"nM","CHEMBL5719","ChEMBL",1
"CHEMBL1971534","NC(=O)c1cc2ccncc2s1","Ki","=",794.33,"nM","CHEMBL5719","ChEMBL",1
"CHEMBL1971943","Cc1c[nH]c2nccc(Oc3c(F)cc(Nc4cc(Cl)nc(N)n4)cc3F)c12","Ki","=",199.53,"nM","CHEMBL5719","ChEMBL",1
"CHEMBL1972220","Nc1ncc(-c2cnn(CCO)c2)c2scc(-c3ccc(NC(=O)Nc4ccc(OC(F)F)cc4)cc3)c12","Ki","=",19.95,"nM","CHEMBL5719","ChEMBL",1
"CHEMBL1972290","NCCNc1cc(-c2c[nH]c3ncccc23)cc(Cl)n1","Ki","=",19.95,"nM","CHEMBL5719","ChEMBL",1
"CHEMBL1972339","Cc1n[nH]c2ccc(-c3nnn(Cc4ccccc4)c3-c3ccc(F)cc3)cc12","Ki","=",12.59,"nM","CHEMBL5719","ChEMBL",1
"CHEMBL1972346","Oc1cc(O)cc(C=Cc2ccc(O)c(O)c2)c1","Ki","=",251.19,"nM","CHEMBL5719","ChEMBL",1
"CHEMBL1972355","COc1c(-c2nc3ccccc3[nH]2)c(O)cc2oc(C)cc(=O)c12","Ki","=",316.23,"nM","CHEMBL5719","ChEMBL",1
"CHEMBL1972988","Clc1cc(-c2c[nH]c3ncccc23)ncn1","Ki","=",50.12,"nM","CHEMBL5719","ChEMBL",1
"CHEMBL1973359","NC(=O)c1ccc2nc(-c3ccc([N+](=O)[O-])o3)cn2c1","Ki","=",125.89,"nM","CHEMBL5719","ChEMBL",1
"CHEMBL1973720","NC1CCC(Nc2nc(Cl)cc(-c3c[nH]c4ncccc34)n2)CC1","Ki","=",5.012,"nM","CHEMBL5719","ChEMBL",1
"CHEMBL1973868","Oc1cnc2ccc(-c3ccncc3)cc2c1","Ki","=",316.23,"nM","CHEMBL5719","ChEMBL",1
"CHEMBL1974870","Cc1n[nH]c2ccc(-c3cncc(OCC(N)Cc4cccc(Cl)c4)c3)cc12","Ki","=",1.585,"nM","CHEMBL5719","ChEMBL",1
"CHEMBL1976376","Nc1ncnc2c1c(-c1ccc(Oc3ccc(CO)cc3)cc1)cn2C1CCOC1","Ki","=",251.19,"nM","CHEMBL5719","ChEMBL",1
"CHEMBL1976936","OC1CCCC(Nc2cc(Cl)nc(-c3c[nH]c4ncccc34)n2)C1","Ki","=",794.33,"nM","CHEMBL5719","ChEMBL",1
"CHEMBL1977134","Nc1c(-c2ccc(NC(=O)Nc3cccc(C(F)(F)F)c3)cc2)cnc2c(-c3ccc4c(c3)OCO4)cnn12","Ki","=",25.12,"nM","CHEMBL5719","ChEMBL",1
"CHEMBL1977138","CC(Nc1cncc(-n2cnc3ccc(C#N)cc32)n1)c1ccccc1F","Ki","=",7.943,"nM","CHEMBL5719","ChEMBL",1
"CHEMBL1977223","CCCC(=O)Nc1n[nH]c2ccc(-c3cn(Cc4ccccc4)nn3)cc12","Ki","=",158.49,"nM","CHEMBL5719","ChEMBL",1
"CHEMBL1977634","CC(C)(C)c1cc(NC(=O)C(=O)c2cccc3ccccc23)n(-c2ccc(OCC(N)=O)cc2)n1","Ki","=",1000,"nM","CHEMBL5719","ChEMBL",1
"CHEMBL1977749","C=CCc1cccc2c(=NO)cc(-c3ccccc3)oc12","Ki","=",501.19,"nM","CHEMBL5719","ChEMBL",1
"CHEMBL1978166","Cc1cccc(NC(=O)Nc2ccc(-c3csc4c(C#CCCCCCCCCN)cnc(N)c34)cc2)c1","Ki","=",100,"nM","CHEMBL5719","ChEMBL",1
"CHEMBL1978195","NC(=O)c1cc2c(-c3ccc(Br)cc3)cncc2s1","Ki","=",2.512,"nM","CHEMBL5719","ChEMBL",1
"CHEMBL1978271","CC(C)(C)c1cc(NC(=O)Nc2cccc3ccccc23)n(-c2cccc(C(=O)NCCOCCO)c2)n1","Ki","=",251.19,"nM","CHEMBL5719","ChEMBL",1
"CHEMBL1978371","N#CC1=C(c2ccccc2)CC(c2ccc(Cl)cc2)C(C(=O)c2ccccc2)C1=O","Ki","=",398.11,"nM","CHEMBL5719","ChEMBL",1
"CHEMBL1980167","CN(C)c1ccc(-c2cc(-c3ccc([N+](=O)[O-])cc3)nc(NS(=O)(=O)c3ccc(N)cc3)n2)cc1","Ki","=",794.33,"nM","CHEMBL5719","ChEMBL",1
"CHEMBL1980178","CC(=O)NC1CCCC(Nc2nc(Cl)cc(-c3c[nH]c4ncccc34)n2)C1","Ki","=",3.162,"nM","CHEMBL5719","ChEMBL",1
"CHEMBL1980297","Nc1ncc(-c2cnn(CCO)c2)c2scc(-c3ccc(NC(=O)Nc4cccc(F)c4)cc3)c12","Ki","=",158.49,"nM","CHEMBL5719","ChEMBL",1
"CHEMBL1980995","CNC1CC2OC(C)(C1OC)n1c3ccccc3c3c4c(c5c6ccccc6n2c5c31)C(=O)NC4","Ki","=",19.95,"nM","CHEMBL5719","ChEMBL",1
"CHEMBL1981079","NC(=O)c1cc(-c2ccnc(N)n2)[nH]c1-c1ccc(Cl)cc1F","Ki","=",31.62,"nM","CHEMBL5719","ChEMBL",1
"CHEMBL1981133","NC(COc1cncc(-c2ccc3cnccc3c2)c1)Cc1c[nH]c2ccccc12","Ki","=",316.23,"nM","CHEMBL5719","ChEMBL",1
"CHEMBL1981720","O=C(Nc1cnccn1)Nc1ccnc2ccccc12","Ki","=",125.89,"nM","CHEMBL5719","ChEMBL",1
"CHEMBL1981792","O=C(Nc1cccc(C(F)(F)F)n1)Nc1ccnc2cc(F)c(F)cc12","Ki","=",100,"nM","CHEMBL5719","ChEMBL",1
"CHEMBL1982271","CN(C)CC(=O)NC1CCC(Nc2nc(Cl)cc(-c3c[nH]c4ncccc34)n2)CC1","Ki","=",1.585,"nM","CHEMBL5719","ChEMBL",1
"CHEMBL1982711","NC(=O)c1ccc(-c2c[nH]c3nccc(Cl)c23)cc1","Ki","=",199.53,"nM","CHEMBL5719","ChEMBL",1
"CHEMBL1983393","O=C(Nc1cccc(F)c1)Nc1cccc(-c2ccc3cn[nH]c3c2)c1","Ki","=",63.1,"nM","CHEMBL5719","ChEMBL",1
"CHEMBL1983575","O=C(NN=Cc1cc(Br)c(O)c(Br)c1)Nc1ccccc1","Ki","=",630.96,"nM","CHEMBL5719","ChEMBL",1
"CHEMBL1983640","Cc1ccc(F)c(NC(=O)Nc2ccc(-c3coc4c(C#CCN5CCOCC5)cnc(N)c34)cc2)c1","Ki","=",7.943,"nM","CHEMBL5719","ChEMBL",1
"CHEMBL1983715","CCNc1nc(C)c(-c2ccnc(Nc3ccc(N4CCN(C(C)=O)CC4)cc3)n2)s1","Ki","=",251.19,"nM","CHEMBL5719","ChEMBL",1
"CHEMBL1983980","O=C(Nc1nc2ccccc2s1)c1cccc2c1CN(c1nc(C(=O)O)c(-c3ccc(CO)cc3)s1)CC2","Ki","=",630.96,"nM","CHEMBL5719","ChEMBL",1
"CHEMBL1984296","Cc1ccc(C)c(NC(=O)c2cc(-c3ccco3)nc3ccccc23)c1","Ki","=",1000,"nM","CHEMBL5719","ChEMBL",1
"CHEMBL1985723","CC(C)(CN)CNc1cc(-c2c[nH]c3ncccc23)cc(Cl)n1","Ki","=",25.12,"nM","CHEMBL5719","ChEMBL",1
"CHEMBL1986177","O=C(Nc1cccc(Cl)c1)Nc1nc(CCNc2ncnc3ccsc23)cs1","Ki","=",7.943,"nM","CHEMBL5719","ChEMBL",1
"CHEMBL1986263","CCn1c(C)c(-c2ccnc(Nc3cccc(OC)c3)n2)sc1=O","Ki","=",794.33,"nM","CHEMBL5719","ChEMBL",1
"CHEMBL1986899","Cc1ccc(NCc2ccc(-c3ccc(F)cc3)nc2)cc1","Ki","=",316.23,"nM","CHEMBL5719","ChEMBL",1
"CHEMBL1986943","OC1CCC(Nc2nc(Cl)cc(-c3c[nH]c4ncccc34)n2)CC1","Ki","=",0.7943,"nM","CHEMBL5719","ChEMBL",1
"CHEMBL1987261","CC(C)(CN)CNc1cc(-c2c[nH]c3ncccc23)cc(F)n1","Ki","=",50.12,"nM","CHEMBL5719","ChEMBL",1
"CHEMBL1987535","O=C(NCCc1cccs1)N1CC=C(c2c[nH]c3ncccc23)CC1","Ki","=",79.43,"nM","CHEMBL5719","ChEMBL",1
"CHEMBL1988141","CCC(=O)Nc1ccc(C(=O)N2CCNCC2)c(O)c1","Ki","=",251.19,"nM","CHEMBL5719","ChEMBL",1
"CHEMBL1988581","Cc1cc(=O)n2ccc(CN(C)C)c(O)c2n1","Ki","=",50.12,"nM","CHEMBL5719","ChEMBL",1
"CHEMBL1988805","N#Cc1ccc2nc(N)n(-c3nccs3)c2c1","Ki","=",158.49,"nM","CHEMBL5719","ChEMBL",1
"CHEMBL1989708","Cc1cccc(NC(=O)Nc2ccc(-c3csc4c(-c5cnn(CC(C)O)c5)cnc(N)c34)cc2)c1","Ki","=",50.12,"nM","CHEMBL5719","ChEMBL",1
"CHEMBL1990583","Nc1ncnn2ccc(C(=O)Nc3ccc(NC(=O)Nc4cccc(F)c4)cc3)c12","Ki","=",398.11,"nM","CHEMBL5719","ChEMBL",1
"CHEMBL1991063","Cc1n[nH]c2ccc(-c3cncc(OCC(N)Cc4ccc(Cl)c(Cl)c4)c3)cc12","Ki","=",12.59,"nM","CHEMBL5719","ChEMBL",1
"CHEMBL1991410","O=C(Nc1cc(-c2c[nH]c3ncccc23)cc(Cl)n1)c1c(F)cccc1F","Ki","=",63.1,"nM","CHEMBL5719","ChEMBL",1
"CHEMBL1991674","OC1CCC(Nc2cc(Cl)nc(-c3c[nH]c4ncccc34)n2)CC1","Ki","=",501.19,"nM","CHEMBL5719","ChEMBL",1
"CHEMBL1991734","CN1c2ccc(N)cc2C(c2ccccc2)c2cc(N)ccc21","Ki","=",1000,"nM","CHEMBL5719","ChEMBL",1
"CHEMBL1992042","O=C(Nc1cccc(C2Nc3ccc4ccccc4c3C3C=CCC32)c1)c1ccc(F)cc1","Ki","=",794.33,"nM","CHEMBL5719","ChEMBL",1
"CHEMBL1992354","CCN(CCN(C)C)C(=O)c1cccc(-n2nc(C(C)(C)C)cc2NC(=O)Nc2cccc3ccccc23)c1","Ki","=",794.33,"nM","CHEMBL5719","ChEMBL",1
"CHEMBL1992371","O=C(Nc1cnccn1)Nc1cccc2c(O)cccc12","Ki","=",316.23,"nM","CHEMBL5719","ChEMBL",1
"CHEMBL1993413","O=C(Nc1cc(-c2c[nH]c3ncccc23)cc(Cl)n1)c1ccccc1","Ki","=",79.43,"nM","CHEMBL5719","ChEMBL",1
"CHEMBL1993877","C#Cc1cn(C2CCCC2)c2ncnc(N)c12","Ki","=",63.1,"nM","CHEMBL5719","ChEMBL",1
"CHEMBL1993904","NC(=O)c1cc2c(-c3ccc(Nc4nc5ccccc5o4)cc3)cnc(N)c2s1","Ki","=",2.512,"nM","CHEMBL5719","ChEMBL",1
"CHEMBL1994438","NC1CCCCC1Nc1nc(Cl)cc(-c2c[nH]c3ncccc23)n1","Ki","=",12.59,"nM","CHEMBL5719","ChEMBL",1
"CHEMBL1994555","CCc1c(-c2ccc(C(C)=O)cc2)[nH]c2nccnc12","Ki","=",199.53,"nM","CHEMBL5719","ChEMBL",1
"CHEMBL1994669","Cn1cc(Nc2ncc(Br)c(Nc3ccccc3C(N)=O)n2)cn1","Ki","=",794.33,"nM","CHEMBL5719","ChEMBL",1
"CHEMBL1994977","CC(C)(C)c1cc(NC(=O)Nc2cccc3ccccc23)n(-c2cccc(C(=O)NCCCCO)c2)n1","Ki","=",630.96,"nM","CHEMBL5719","ChEMBL",1
"CHEMBL1995211","CC(C)(C)Nc1ncnc2[nH]cc(-c3ccccc3)c12","Ki","=",31.62,"nM","CHEMBL5719","ChEMBL",1
"CHEMBL1995740","COc1cc(-c2ccc3c(c2)Nc2ccc([N+](=O)[O-])cc2NC3=O)ccc1O","Ki","=",1000,"nM","CHEMBL5719","ChEMBL",1
"CHEMBL1996576","O=C(Cc1ccc(OC(F)(F)F)cc1)N1CCC2(CC1)NCCc1c2[nH]c2ccccc12","Ki","=",12.59,"nM","CHEMBL5719","ChEMBL",1
"CHEMBL1996649","CCN(CC)CCCNC(=O)c1cnc(N)c2c(-c3ccc(NC(=O)Nc4cccc(F)c4)cc3)csc12","Ki","=",501.19,"nM","CHEMBL5719","ChEMBL",1
"CHEMBL1996980","CNCC(=O)NC1CCC(Nc2nc(Cl)cc(-c3c[nH]c4ncccc34)n2)CC1","Ki","=",1.585,"nM","CHEMBL5719","ChEMBL",1
"CHEMBL1997275","COc1ccc2[nH]cc(C=C3C(=O)Nc4ccccc43)c2c1","Ki","=",251.19,"nM","CHEMBL5719","ChEMBL",1
"CHEMBL1997892","Cc1cc(=O)[nH]nc1-c1ccc(NC(=O)Nc2cc(C(F)(F)F)ccc2F)c(Cl)c1","Ki","=",158.49,"nM","CHEMBL5719","ChEMBL",1
"CHEMBL1998159","Cc1n[nH]c2cnc(-c3cncc(OCC(N)Cc4cccc(C(F)(F)F)c4)c3)cc12","Ki","=",12.59,"nM","CHEMBL5719","ChEMBL",1
"CHEMBL1998432","NC1CCCC(Nc2nc(Cl)cc(-c3c[nH]c4ncccc34)n2)C1","Ki","=",25.12,"nM","CHEMBL5719","ChEMBL",1
"CHEMBL1998470","CCCC(=O)Nc1cc(-c2c[nH]c3ncccc23)cc(Cl)n1","Ki","=",7.943,"nM","CHEMBL5719","ChEMBL",1
"CHEMBL1998680","CC(C)(C)c1cc(NC(=O)C(=O)c2cccc3ccccc23)n(-c2cccc(OCC(=O)NCCO)c2)n1","Ki","=",501.19,"nM","CHEMBL5719","ChEMBL",1
"CHEMBL1999414","CCN(CC)CCCNC(=O)c1cnc(N)c2c(-c3ccc(NC(=O)Nc4cccc(C)c4)cc3)csc12","Ki","=",79.43,"nM","CHEMBL5719","ChEMBL",1
"CHEMBL2000029","Cc1ccccc1-c1c(-c2ccc3[nH]nc(N)c3c2)nnn1Cc1ccccc1","Ki","=",31.62,"nM","CHEMBL5719","ChEMBL",1
"CHEMBL2000568","CC(=O)c1cccc(-c2cnc3[nH]ccc3c2)c1","Ki","=",501.19,"nM","CHEMBL5719","ChEMBL",1
"CHEMBL2000934","CCc1ccc2nccc(NC(=O)Nc3cccc(C(F)(F)F)n3)c2c1","Ki","=",63.1,"nM","CHEMBL5719","ChEMBL",1
"CHEMBL2001398","CC(C)(C)CCOc1cc(-c2ccc(C(N)=O)cc2)cc2[nH]nc(N)c12","Ki","=",630.96,"nM","CHEMBL5719","ChEMBL",1
"CHEMBL2002471","Nc1cc2c(Oc3ccc(Cl)cc3)cncc2s1","Ki","=",1000,"nM","CHEMBL5719","ChEMBL",1
"CHEMBL2002599","O=C(Nc1cnccn1)Nc1ccnc2ccc(N3CC4COCC4C3)cc12","Ki","=",100,"nM","CHEMBL5719","ChEMBL",1
"CHEMBL2002613","COc1cc(OC)cc(C(=O)Nc2n[nH]c3ccc(-c4cn(Cc5ccccc5)nn4)cc23)c1","Ki","=",31.62,"nM","CHEMBL5719","ChEMBL",1
"CHEMBL2002992","CC(N)C1CCC(C(=O)Nc2ccnc3[nH]ccc23)CC1","Ki","=",501.19,"nM","CHEMBL5719","ChEMBL",1
"CHEMBL2003689","CC(C)(C)c1cc(NC(=O)C(=O)c2cccc3ccccc23)n(-c2ccc(OCCC(=O)O)cc2)n1","Ki","=",630.96,"nM","CHEMBL5719","ChEMBL",1
"CHEMBL2004025","COCOc1cccc(OCOC)c1-c1ccc(NS(C)(=O)=O)cc1C(=O)OC","Ki","=",501.19,"nM","CHEMBL5719","ChEMBL",1
"CHEMBL2004290","COc1ccc(NC(=O)Nc2ccc(-c3csc4c(-c5cnn(CC(C)(C)O)c5)cnc(N)c34)cc2)cc1","Ki","=",199.53,"nM","CHEMBL5719","ChEMBL",1
"CHEMBL2004438","Nc1c(-c2ccc(NC(=O)Nc3cccc(C(F)(F)F)c3)cc2)ccc2nccnc12","Ki","=",1.995,"nM","CHEMBL5719","ChEMBL",1
"CHEMBL2004637","CCN(CCN)C(=O)c1cccc(-n2nc(C(C)(C)C)cc2NC(=O)Nc2cccc3ccccc23)c1","Ki","=",1000,"nM","CHEMBL5719","ChEMBL",1
"CHEMBL2005216","CS(=O)(=O)NC1CCC(Nc2cc(Cl)nc(-c3c[nH]c4ncccc34)n2)CC1","Ki","=",100,"nM","CHEMBL5719","ChEMBL",1
"CHEMBL2005699","CC(C)(C)c1cc(NC(=O)C(=O)c2cccc3ccccc23)n(-c2ccc(OCC(=O)O)cc2)n1","Ki","=",501.19,"nM","CHEMBL5719","ChEMBL",1
"CHEMBL2005718","CS(=O)(=O)NCCNc1cc(-c2c[nH]c3ncccc23)cc(Cl)n1","Ki","=",1.585,"nM","CHEMBL5719","ChEMBL",1
"CHEMBL2006439","Clc1cc(-c2c[nH]c3ncccc23)nc(NC2CCCCC2)n1","Ki","=",3.981,"nM","CHEMBL5719","ChEMBL",1
"CHEMBL2006450","CCCCC(=O)Nc1cc(-c2c[nH]c3ncccc23)cc(Cl)n1","Ki","=",15.85,"nM","CHEMBL5719","ChEMBL",1
"CHEMBL2006456","CC(C)CNC1CCC(Nc2nc(Cl)cc(-c3c[nH]c4ncccc34)n2)CC1","Ki","=",3.981,"nM","CHEMBL5719","ChEMBL",1
"CHEMBL2007073","CC(C)(C)c1cc(NC(=O)Nc2cccc3ccccc23)n(-c2cccc(C(=O)NCCCO)c2)n1","Ki","=",398.11,"nM","CHEMBL5719","ChEMBL",1
"CHEMBL2007124","O=C(Nc1ccc(-c2ccc(=O)[nH]n2)cc1)Nc1cccc(C(F)(F)F)c1","Ki","=",158.49,"nM","CHEMBL5719","ChEMBL",1
"CHEMBL2007266","Cc1ccc(F)c(NC(=O)Nc2ccc(-c3ccc(OCCCn4cccc4)c4[nH]nc(N)c34)cc2)c1","Ki","=",19.95,"nM","CHEMBL5719","ChEMBL",1
"CHEMBL2007574","Nc1nc(Cl)cc(-c2c[nH]c3ncccc23)n1","Ki","=",1.259,"nM","CHEMBL5719","ChEMBL",1
"CHEMBL2007603","O=C(Nc1cccc(C(F)(F)F)n1)Nc1ccnc2ccc(F)cc12","Ki","=",79.43,"nM","CHEMBL5719","ChEMBL",1
"CHEMBL2103840","CCc1cnn2c(NCc3ccc[n+]([O-])c3)cc(N3CCCC[C@H]3CCO)nc12","IC50","=",4.5,"nM","CHEMBL5719","ChEMBL",1
"CHEMBL2348334","NC(=O)c1sc2nccc(N3CCCCC3)c2c1N","IC50","=",130,"nM","CHEMBL5719","ChEMBL",1
"CHEMBL2348339","NC(=O)c1sc2nccc(N3CCCN(c4ccccc4)CC3)c2c1N","IC50","=",31,"nM","CHEMBL5719","ChEMBL",1
"CHEMBL2348350","CN(C)C(=O)c1ccc(N2CCCN(c3ccnc4sc(C(N)=O)c(N)c34)CC2)cc1","Kd","=",78,"nM","CHEMBL5719","ChEMBL",1
"CHEMBL2348353","CN(C)C(=O)Cc1ccc(N2CCCN(c3ccnc4sc(C(N)=O)c(N)c34)CC2)cc1","Kd","=",55,"nM","CHEMBL5719","ChEMBL",1
"CHEMBL3361254","NC(=O)C[C@H]1CCc2sc3ncnc(O[C@H]4CC[C@H](N5CCOCC5)CC4)c3c21","IC50","=",22,"nM","CHEMBL5719","ChEMBL",1
"CHEMBL3408213","Cn1cc(-c2ccc(-c3cncc(Cl)c3N3CCC4(CCNC4=O)CC3)cc2)cn1","IC50","=",7.2,"nM","CHEMBL5719","ChEMBL",1
"CHEMBL3408216","Cn1ncc2cc(-c3cncc(Cl)c3N3CCC4(CCNC4=O)CC3)ccc21","IC50","=",17.9,"nM","CHEMBL5719","ChEMBL",1
"CHEMBL3775576","CNC(=O)c1ccc2[nH]nc(Cc3ccc4c(cnn4C)c3)c2c1","IC50","=",65,"nM","CHEMBL5719","ChEMBL",1
"CHEMBL3775535","CNC(=O)c1ccc2[nH]nc(Cc3ccc(-c4cnn(C)c4)cc3)c2c1","IC50","=",55,"nM","CHEMBL5719","ChEMBL",1
"CHEMBL3775775","CNC(=O)c1ccc2[nH]nc(Cc3ccc(-c4cnn(CC(C)(C)O)c4)cc3)c2c1","IC50","=",76,"nM","CHEMBL5719","ChEMBL",1
"CHEMBL3775519","Cn1cnc(-c2ccc3[nH]nc(Cc4ccc(-c5cnn(C)c5)cc4)c3c2)c1","IC50","=",200,"nM","CHEMBL5719","ChEMBL",1
"CHEMBL3775496","CC(=O)Nc1ccc2[nH]nc(Cc3ccc(-c4cnn(C)c4)cc3)c2c1","IC50","=",110,"nM","CHEMBL5719","ChEMBL",1
"CHEMBL3774400","Cn1cc(-c2ccc(Cc3n[nH]c4ccc(NS(C)(=O)=O)cc34)cc2)cn1","IC50","=",710,"nM","CHEMBL5719","ChEMBL",1
"CHEMBL3775547","Cn1cc(-c2ccc(Cc3n[nH]c4ccc(N5CCCC5=O)cc34)cc2)cn1","IC50","=",82,"nM","CHEMBL5719","ChEMBL",1
"CHEMBL3774509","Cn1cc(-c2ccc(Cc3n[nH]c4ccc(S(=O)(=O)NC5CC5)cc34)cc2)cn1","IC50","=",313,"nM","CHEMBL5719","ChEMBL",1
"CHEMBL3775321","Cn1cc(-c2ccc(Cc3n[nH]c4ccc(C(=O)N5CC[C@H](O)C5)cc34)cc2)cn1","IC50","=",53,"nM","CHEMBL5719","ChEMBL",1
"CHEMBL3775317","Cn1cc(-c2ccc(Cc3n[nH]c4ccc(C(=O)N5CC[C@@H](O)C5)cc34)cc2)cn1","IC50","=",42,"nM","CHEMBL5719","ChEMBL",1
"CHEMBL3775614","Cn1cc(-c2ccc(Cc3n[nH]c4ccc(C(N)=O)cc34)cc2)cn1","IC50","=",270,"nM","CHEMBL5719","ChEMBL",1
"CHEMBL3775680","Cn1cc(-c2ccc(Cc3n[nH]c4ccc(C(=O)NC5CC5)cc34)cc2)cn1","IC50","=",100,"nM","CHEMBL5719","ChEMBL",1
"CHEMBL3775134","Cn1cc(-c2ccc(Cc3n[nH]c4ccc(C(=O)N5CC(F)(F)C5)cc34)cc2)cn1","IC50","=",25,"nM","CHEMBL5719","ChEMBL",1
"CHEMBL3775423","Cn1cc(-c2ccc(Cc3n[nH]c4ccc(C(=O)N5CC(O)C5)cc34)cc2)cn1","IC50","=",94,"nM","CHEMBL5719","ChEMBL",1
"CHEMBL3774402","COC1CN(C(=O)c2ccc3[nH]nc(Cc4ccc(-c5cnn(C)c5)cc4)c3c2)C1","IC50","=",9,"nM","CHEMBL5719","ChEMBL",1
"CHEMBL3775935","Cn1cc(-c2ccc(Cc3n[nH]c4ccc(C(=O)N5CCCC5)cc34)cc2)cn1","IC50","=",5,"nM","CHEMBL5719","ChEMBL",1
"CHEMBL3775773","Cn1cc(-c2ccc(Cc3n[nH]c4ccc(C(=O)N5CCC(F)(F)C5)cc34)cc2)cn1","IC50","=",27,"nM","CHEMBL5719","ChEMBL",1
"CHEMBL3774885","Cn1cc(-c2ccc(Cc3n[nH]c4ccc(C(=O)N5CCOCC5)cc34)cc2)cn1","IC50","=",11,"nM","CHEMBL5719","ChEMBL",1
"CHEMBL3775562","Cn1cc(-c2ccc(Cc3n[nH]c4ccc(C(=O)N5CCNCC5)cc34)cc2)cn1","IC50","=",140,"nM","CHEMBL5719","ChEMBL",1
"CHEMBL3775384","Cn1cc(-c2ccc(Cc3n[nH]c4ccc(C(=O)N5CCCCC5)cc34)cc2)cn1","IC50","=",13,"nM","CHEMBL5719","ChEMBL",1
"CHEMBL3775024","Cn1ncc2cc(Cc3n[nH]c4ccc(C(=O)N5CC[C@H](O)C5)cc34)ccc21","IC50","=",43,"nM","CHEMBL5719","ChEMBL",1
"CHEMBL3775076","Cn1ncc2cc(Cc3n[nH]c4ccc(C(=O)N5CCC(F)(F)C5)cc34)ccc21","IC50","=",56,"nM","CHEMBL5719","ChEMBL",1
"CHEMBL3775123","Cn1ncc2cc(Cc3n[nH]c4ccc(C(=O)N5CC(O)C5)cc34)ccc21","IC50","=",160,"nM","CHEMBL5719","ChEMBL",1
"CHEMBL3774959","COC1CN(C(=O)c2ccc3[nH]nc(Cc4ccc5c(cnn5C)c4)c3c2)C1","IC50","=",18,"nM","CHEMBL5719","ChEMBL",1
"CHEMBL3798944","CC(C)(O)Cn1cc(-c2ccc(-c3cncc(Cl)c3N3CCC4(CCNC4=O)CC3)cc2)cn1","IC50","=",1.6,"nM","CHEMBL5719","ChEMBL",1
"CHEMBL3798294","CN(C)CCn1cc(-c2ccc(-c3cncc(Cl)c3N3CCC4(CCNC4=O)CC3)cc2)cn1","IC50","=",28,"nM","CHEMBL5719","ChEMBL",1
"CHEMBL3798318","O=C1NCCC12CCN(c1c(Cl)cncc1-c1ccc(-c3cnn(CCN4CCCC4)c3)cc1)CC2","IC50","=",26.9,"nM","CHEMBL5719","ChEMBL",1
"CHEMBL3797571","CN1c2ccc(-c3cncc(Cl)c3N3CCC4(CCNC4=O)CC3)cc2CS1(=O)=O","IC50","=",2.4,"nM","CHEMBL5719","ChEMBL",1
"CHEMBL3797317","CN1c2cc(-c3cncc(Cl)c3N3CCC4(CCNC4=O)CC3)ccc2CS1(=O)=O","IC50","=",3.7,"nM","CHEMBL5719","ChEMBL",1
"CHEMBL3798712","Cn1cc(-c2ccc(-c3cncc(Cl)c3N3CCC4(CC3)COC(=O)N4)cc2)cn1","IC50","=",555,"nM","CHEMBL5719","ChEMBL",1
"CHEMBL3799742","Cn1cc(-c2ccc(-c3cncc(Cl)c3N3CCC4(CC3)CNC(=O)O4)cc2)cn1","IC50","=",10.8,"nM","CHEMBL5719","ChEMBL",1
"CHEMBL3800432","CN1c2ccc(-c3cncc(Cl)c3N3CCC4(CC3)OC(=O)NC4(C)C)cc2CS1(=O)=O","IC50","=",14.2,"nM","CHEMBL5719","ChEMBL",1
"CHEMBL3798632","Cn1cc(-c2ccc(-c3cncc(Cl)c3N3CCC4(CC3)NCNC4=O)cc2)cn1","IC50","=",3.9,"nM","CHEMBL5719","ChEMBL",1
"CHEMBL3798987","CN1c2ccc(-c3cncc(Cl)c3N3CCC4(CC3)NC(=O)NC4=O)cc2CS1(=O)=O","IC50","=",2.4,"nM","CHEMBL5719","ChEMBL",1
"CHEMBL3799396","CC1=NNC(=O)C12CCN(c1c(Cl)cncc1-c1ccc3c(c1)CS(=O)(=O)N3C)CC2","IC50","=",2.7,"nM","CHEMBL5719","ChEMBL",1
"CHEMBL3798587","CN1CCCC12CCN(c1c(Cl)cncc1-c1ccc3c(c1)CS(=O)(=O)N3C)CC2","IC50","=",37.4,"nM","CHEMBL5719","ChEMBL",1
"CHEMBL3797689","COCCN1CCCC12CCN(c1c(Cl)cncc1-c1ccc(-c3cnn(C)c3)cc1)CC2","IC50","=",702,"nM","CHEMBL5719","ChEMBL",1
"CHEMBL3798778","COCCN1CCCC12CCN(c1c(Cl)cncc1-c1ccc3c(c1)CS(=O)(=O)N3C)CC2","IC50","=",49.2,"nM","CHEMBL5719","ChEMBL",1
"CHEMBL3800399","COCCCN1CCCC12CCN(c1c(Cl)cncc1-c1ccc3c(c1)CS(=O)(=O)N3C)CC2","IC50","=",141,"nM","CHEMBL5719","ChEMBL",1
"CHEMBL3799159","CN1c2ccc(-c3cncc(Cl)c3N3CCC4(CCCN4CCCS(C)(=O)=O)CC3)cc2CS1(=O)=O","IC50","=",146,"nM","CHEMBL5719","ChEMBL",1
"CHEMBL3798362","Cn1cc(-c2ccc(-c3cncc(F)c3N3CCC4(CCNC4=O)CC3)cc2)cn1","IC50","=",79.3,"nM","CHEMBL5719","ChEMBL",1
"CHEMBL3799116","CN1c2ccc(-c3cncc(F)c3N3CCC4(CCNC4=O)CC3)cc2CS1(=O)=O","IC50","=",3.8,"nM","CHEMBL5719","ChEMBL",1
"CHEMBL3800307","Cn1cc(-c2ccc(-c3cncc(F)c3N3CCC4(CC3)CNC(=O)O4)cc2)cn1","IC50","=",20.6,"nM","CHEMBL5719","ChEMBL",1
"CHEMBL3800037","CN1c2ccc(-c3cncc(F)c3N3CCC4(CC3)CNC(=O)O4)cc2CS1(=O)=O","IC50","=",4.3,"nM","CHEMBL5719","ChEMBL",1
"CHEMBL3797558","Cn1cc(-c2ccc(-c3cnc(N)c(Cl)c3N3CCC4(CCNC4=O)CC3)cc2)cn1","IC50","=",5,"nM","CHEMBL5719","ChEMBL",1
"CHEMBL3798419","CC(C)(O)Cn1cc(-c2ccc(-c3cnc(N)c(Cl)c3N3CCC4(CCNC4=O)CC3)cc2)cn1","IC50","=",16.4,"nM","CHEMBL5719","ChEMBL",1
"CHEMBL3799212","CN1c2ccc(-c3cnc(N)c(Cl)c3N3CCC4(CCNC4=O)CC3)cc2CS1(=O)=O","IC50","=",2.3,"nM","CHEMBL5719","ChEMBL",1
"CHEMBL3797440","CN1c2ccc(-c3cnc(N)c(F)c3N3CCC4(CCNC4=O)CC3)cc2CS1(=O)=O","IC50","=",3.3,"nM","CHEMBL5719","ChEMBL",1
"CHEMBL3797656","CN1c2ccc(-c3cnc(N)c(F)c3N3CCC4(CC3)CNC(=O)O4)cc2CS1(=O)=O","IC50","=",5.5,"nM","CHEMBL5719","ChEMBL",1
"CHEMBL3798283","CN(C)c1nn(C)c2cc(-c3cncc(Cl)c3N3CCC4(CCNC4=O)CC3)ccc12","IC50","=",47,"nM","CHEMBL5719","ChEMBL",1
"CHEMBL3800080","CN1CNC(=O)C12CCN(c1c(Cl)cncc1-c1ccc(-c3cnn(C)c3)cc1)CC2","IC50","=",5.7,"nM","CHEMBL5719","ChEMBL",1
"CHEMBL3797823","CC(C)n1cc(-c2ccc(-c3cnc(N)c(Cl)c3N3CCC4(CCNC4=O)CC3)cc2)cn1","IC50","=",29.5,"nM","CHEMBL5719","ChEMBL",1
"CHEMBL3800533","CC(C)n1ncc2cc(-c3cnc(N)c(Cl)c3N3CCC4(CCNC4=O)CC3)ccc21","IC50","=",54.1,"nM","CHEMBL5719","ChEMBL",1
"CHEMBL3798663","O=C1NCCC12CCN(c1c(Cl)cncc1-c1ccc(-c3cnn(CCO)c3)cc1)CC2","IC50","=",5.5,"nM","CHEMBL5719","ChEMBL",1
"CHEMBL3798430","Cc1nc(-c2ccc(-c3cncc(Cl)c3N3CCC4(CCNC4=O)CC3)cc2)cn1C","IC50","=",20.5,"nM","CHEMBL5719","ChEMBL",1
"CHEMBL3800311","O=C1NCCC12CCN(c1c(Cl)cncc1-c1ccc3c(c1)CS(=O)(=O)N3)CC2","IC50","=",2.4,"nM","CHEMBL5719","ChEMBL",1
"CHEMBL3797855","Nc1n[nH]c2cc(-c3cncc(Cl)c3N3CCC4(CCNC4=O)CC3)ccc12","IC50","=",1.7,"nM","CHEMBL5719","ChEMBL",1
"CHEMBL3799307","CN1c2ccc(-c3cncc(Cl)c3N3CCC4(CC3)CNC(=O)O4)cc2CS1(=O)=O","IC50","=",2.3,"nM","CHEMBL5719","ChEMBL",1
"CHEMBL3800210","Cn1cc(-c2ccc(-c3cncc(Cl)c3N3CCC4(CC3)NC(=O)NC4=O)cc2)cn1","IC50","=",7,"nM","CHEMBL5719","ChEMBL",1
"CHEMBL3797495","CC1=NC2(CCN(c3c(Cl)cncc3-c3ccc4c(c3)CS(=O)(=O)N4C)CC2)C(=O)N1","IC50","=",4.5,"nM","CHEMBL5719","ChEMBL",1
"CHEMBL3799679","Cn1cc(-c2ccc(-c3cncc(Cl)c3N3CCC4(CC3)NC(=O)CNC4=O)cc2)cn1","IC50","=",4.2,"nM","CHEMBL5719","ChEMBL",1
"CHEMBL3798129","CN1c2ccc(-c3cncc(Cl)c3N3CCC4(CC3)C(=O)NN=C4C(F)(F)F)cc2CS1(=O)=O","IC50","=",12,"nM","CHEMBL5719","ChEMBL",1
"CHEMBL3798886","CN(C)CCC1(C#N)CCN(c2c(Cl)cncc2-c2ccc3c(c2)CS(=O)(=O)N3C)CC1","IC50","=",10.4,"nM","CHEMBL5719","ChEMBL",1
"CHEMBL3797212","Cn1cc(-c2ccc(-c3cncc(C(F)(F)F)c3N3CCC4(CCNC4=O)CC3)cc2)cn1","IC50","=",14.7,"nM","CHEMBL5719","ChEMBL",1
"CHEMBL3798726","CN1c2ccc(-c3cncc(C(F)(F)F)c3N3CCC4(CCNC4=O)CC3)cc2CS1(=O)=O","IC50","=",3.3,"nM","CHEMBL5719","ChEMBL",1
"CHEMBL3799826","Cn1cc(-c2ccc(-c3cncc(C(F)(F)F)c3N3CCC4(CC3)CNC(=O)O4)cc2)cn1","IC50","=",32.8,"nM","CHEMBL5719","ChEMBL",1
"CHEMBL3799581","Nc1ncc(-c2ccc3c(N)n[nH]c3c2)c(N2CCC3(CCNC3=O)CC2)c1Cl","IC50","=",2.1,"nM","CHEMBL5719","ChEMBL",1
"CHEMBL3797472","Cn1cc(-c2ccc(-c3cnc(N)c(Cl)c3N3CCC4(CC3)CNC(=O)O4)cc2)cn1","IC50","=",9.5,"nM","CHEMBL5719","ChEMBL",1
"CHEMBL3798853","CN1c2ccc(-c3cnc(N)c(Cl)c3N3CCC4(CC3)CNC(=O)O4)cc2CS1(=O)=O","IC50","=",1.9,"nM","CHEMBL5719","ChEMBL",1
"CHEMBL3798804","Cn1cc(-c2ccc(-c3cnc(N)c(Cl)c3N3CCC4(CC3)NC(=O)NC4=O)cc2)cn1","IC50","=",2.8,"nM","CHEMBL5719","ChEMBL",1
"CHEMBL3800105","Cn1cc(-c2ccc(-c3cnc(N)c(C(F)(F)F)c3N3CCC4(CCNC4=O)CC3)cc2)cn1","IC50","=",9.3,"nM","CHEMBL5719","ChEMBL",1
"CHEMBL3798568","Cn1cc(-c2ccc(-c3cnc(N)c(C(F)(F)F)c3N3CCC4(CC3)CNC(=O)O4)cc2)cn1","IC50","=",12.1,"nM","CHEMBL5719","ChEMBL",1
"CHEMBL3799824","CNc1n[nH]c2cc(-c3cncc(Cl)c3N3CCC4(CCNC4=O)CC3)ccc12","IC50","=",2.8,"nM","CHEMBL5719","ChEMBL",1
"CHEMBL3799592","Cn1nc(N)c2ccc(-c3cncc(Cl)c3N3CCC4(CCNC4=O)CC3)cc21","IC50","=",3.2,"nM","CHEMBL5719","ChEMBL",1
"CHEMBL3798611","CN1C(=O)NC(=O)C12CCN(c1c(Cl)cncc1-c1ccc(-c3cnn(C)c3)cc1)CC2","IC50","=",17.5,"nM","CHEMBL5719","ChEMBL",1
"CHEMBL3798382","Cn1ncc2cc(-c3cnc(N)c(Cl)c3N3CCC4(CCNC4=O)CC3)ccc21","IC50","=",2.3,"nM","CHEMBL5719","ChEMBL",1
"CHEMBL3799073","Cn1ncc2cc(-c3cnc(N)c(Cl)c3N3CCC4(CC3)CNC(=O)O4)ccc21","IC50","=",11.4,"nM","CHEMBL5719","ChEMBL",1
"CHEMBL3823659","CC(=O)N1CCC(n2cc(Nc3ncc(Cl)c(-c4cnc5ccccn45)n3)cn2)CC1","IC50","=",42,"nM","CHEMBL5719","ChEMBL",1
"CHEMBL3823030","Cc1nn(C2CCN(C(=O)[C@@H](C)O)CC2)c(C)c1Nc1ncc(Cl)c(-c2cnn3ccccc23)n1","IC50","=",810,"nM","CHEMBL5719","ChEMBL",1
"CHEMBL3827983","CNC(=O)c1ccc2cncc(-c3ccc(-c4cnn(C)c4)cc3)c2n1","IC50","=",0.2,"nM","CHEMBL5719","ChEMBL",1
"CHEMBL3827774","CNC(=O)c1ccc2cncc(-c3ccc4c(cnn4C)c3)c2n1","IC50","=",3.4,"nM","CHEMBL5719","ChEMBL",1
"CHEMBL3828209","CNC(=O)c1ccc2cncc(-c3ccc4cnn(C)c4c3)c2n1","IC50","=",4.6,"nM","CHEMBL5719","ChEMBL",1
"CHEMBL3828637","CNC(=O)c1ccc2cncc(-c3ccc4c(c3)CS(=O)(=O)N4C)c2n1","IC50","=",1.7,"nM","CHEMBL5719","ChEMBL",1
"CHEMBL3828575","CNC(=O)c1ccc2cncc(-c3ccc4c(c3)CS(=O)(=O)N4)c2n1","IC50","=",11.2,"nM","CHEMBL5719","ChEMBL",1
"CHEMBL3828116","Cn1cc(-c2ccc(-c3cncc4ccc(C(N)=O)nc34)cc2)cn1","IC50","=",0.5,"nM","CHEMBL5719","ChEMBL",1
"CHEMBL3827482","Cn1cc(-c2ccc(-c3cncc4ccc(C(=O)O)nc34)cc2)cn1","IC50","=",590,"nM","CHEMBL5719","ChEMBL",1
"CHEMBL3828169","Cn1cc(-c2ccc(-c3cncc4ccc(C#N)nc34)cc2)cn1","IC50","=",396,"nM","CHEMBL5719","ChEMBL",1
"CHEMBL3827799","Cn1cc(-c2ccc(-c3cncc4ccc(C(=O)N5CCC5)nc34)cc2)cn1","IC50","=",2,"nM","CHEMBL5719","ChEMBL",1
"CHEMBL3827118","COC1CN(C(=O)c2ccc3cncc(-c4ccc(-c5cnn(C)c5)cc4)c3n2)C1","IC50","=",2.5,"nM","CHEMBL5719","ChEMBL",1
"CHEMBL3827053","Cn1cc(-c2ccc(-c3cncc4ccc(C(=O)N5CC(F)(F)C5)nc34)cc2)cn1","IC50","=",12.6,"nM","CHEMBL5719","ChEMBL",1
"CHEMBL3828523","Cn1cc(-c2ccc(-c3cncc4ccc(C(=O)N5CCCC5)nc34)cc2)cn1","IC50","=",9.9,"nM","CHEMBL5719","ChEMBL",1
"CHEMBL3828120","Cn1cc(-c2ccc(-c3cncc4ccc(C(=O)N5CCOCC5)nc34)cc2)cn1","IC50","=",27.8,"nM","CHEMBL5719","ChEMBL",1
"CHEMBL3827673","Cn1cc(-c2ccc(-c3cncc4ccc(C(=O)N5CCNCC5)nc34)cc2)cn1","IC50","=",65,"nM","CHEMBL5719","ChEMBL",1
"CHEMBL3827944","CC(=O)Nc1ccc2cncc(-c3ccc(-c4cnn(C)c4)cc3)c2n1","IC50","=",17.5,"nM","CHEMBL5719","ChEMBL",1
"CHEMBL3827470","Cn1cc(-c2ccc(-c3cncc4ccc(N5CCCC5=O)nc34)cc2)cn1","IC50","=",30,"nM","CHEMBL5719","ChEMBL",1
"CHEMBL3828458","Cn1cc(-c2ccc(-c3cncc4ccc(N5CCNC5=O)nc34)cc2)cn1","IC50","=",4.2,"nM","CHEMBL5719","ChEMBL",1
"CHEMBL3827150","Cn1cc(-c2ccc(-c3cncc4ccc(-c5ncco5)nc34)cc2)cn1","IC50","=",45,"nM","CHEMBL5719","ChEMBL",1
"CHEMBL3828221","Cn1cc(-c2ccc(-c3cncc4ccc(-c5nccn5C)nc34)cc2)cn1","IC50","=",4.7,"nM","CHEMBL5719","ChEMBL",1
"CHEMBL3828003","CNC(=O)c1ccc2cncc(-c3ccc(-c4cnn(C)c4)cc3)c2c1","IC50","=",0.6,"nM","CHEMBL5719","ChEMBL",1
"CHEMBL3827327","Cn1cc(-c2ccc(-c3cncc4ccc(C(=O)NC5CC5)cc34)cc2)cn1","IC50","=",1.1,"nM","CHEMBL5719","ChEMBL",1
"CHEMBL3828370","COC1CN(C(=O)c2ccc3cncc(-c4ccc(-c5cnn(C)c5)cc4)c3c2)C1","IC50","=",16,"nM","CHEMBL5719","ChEMBL",1
"CHEMBL3828689","Cn1cc(-c2ccc(-c3cncc4ccc(C(=O)N5CC(F)(F)C5)cc34)cc2)cn1","IC50","=",19.4,"nM","CHEMBL5719","ChEMBL",1
"CHEMBL3827699","CC(=O)Nc1ccc2cncc(-c3ccc(-c4cnn(C)c4)cc3)c2c1","IC50","=",34,"nM","CHEMBL5719","ChEMBL",1
"CHEMBL3828572","Cn1cc(-c2ccc(-c3cncc4ccc(-c5ncco5)cc34)cc2)cn1","IC50","=",16,"nM","CHEMBL5719","ChEMBL",1
"CHEMBL3827678","Cn1cc(-c2ccc(-c3cncc4ccc(-c5nccn5C)cc34)cc2)cn1","IC50","=",7.3,"nM","CHEMBL5719","ChEMBL",1
"CHEMBL3828503","Cn1cc(-c2ccc(-c3cncc4ccc(N5CCOC5=O)cc34)cc2)cn1","IC50","=",4.7,"nM","CHEMBL5719","ChEMBL",1
"CHEMBL3827790","Cn1cc(-c2ccc(-c3cncc4ccc(N5CCCS5(=O)=O)cc34)cc2)cn1","IC50","=",87,"nM","CHEMBL5719","ChEMBL",1
"CHEMBL3827333","Cn1cc(-c2ccc(-c3cncc4ccc(S(N)(=O)=O)cc34)cc2)cn1","IC50","=",43,"nM","CHEMBL5719","ChEMBL",1
"CHEMBL3828472","Cn1cc(-c2ccc(-c3cnc(N)c4ccc(C(=O)N5CCNCC5)nc34)cc2)cn1","IC50","=",559,"nM","CHEMBL5719","ChEMBL",1
"CHEMBL3827675","Cn1cc(-c2ccc(-c3cnc(N)c4ccc(C(=O)N5CCOCC5)nc34)cc2)cn1","IC50","=",73,"nM","CHEMBL5719","ChEMBL",1
"CHEMBL3828553","COC1CN(C(=O)c2ccc3c(N)ncc(-c4ccc(-c5cnn(C)c5)cc4)c3n2)C1","IC50","=",7.2,"nM","CHEMBL5719","ChEMBL",1
"CHEMBL3828084","Cn1cc(-c2ccc(-c3cnc(N)c4ccc(C(=O)N5CCC5)nc34)cc2)cn1","IC50","=",10.7,"nM","CHEMBL5719","ChEMBL",1
"CHEMBL3827023","COC1(C)CN(C(=O)c2ccc3c(N)ncc(-c4ccc(-c5cnn(C)c5)cc4)c3n2)C1","IC50","=",8.2,"nM","CHEMBL5719","ChEMBL",1
"CHEMBL3828071","Cn1cc(-c2ccc(-c3cnc(N)c4ccc(C(=O)N5CC(F)(F)C5)nc34)cc2)cn1","IC50","=",5.8,"nM","CHEMBL5719","ChEMBL",1
"CHEMBL3828286","Cn1cc(-c2ccc(-c3cnc(N)c4ccc(C(=O)N5CC(C)(F)C5)nc34)cc2)cn1","IC50","=",9.8,"nM","CHEMBL5719","ChEMBL",1
"CHEMBL3828266","Cn1cc(-c2ccc(-c3cnc(N)c4ccc(C(=O)N5CCCC5)nc34)cc2)cn1","IC50","=",35.5,"nM","CHEMBL5719","ChEMBL",1
"CHEMBL3828129","Cn1cc(-c2ccc(-c3cnc(N)c4ccc(-c5nccn5C)nc34)cc2)cn1","IC50","=",87,"nM","CHEMBL5719","ChEMBL",1
"CHEMBL3828470","Cn1cc(-c2ccc(-c3cnc(N)c4ccc(C(=O)N5CCC5)cc34)cc2)cn1","IC50","=",70,"nM","CHEMBL5719","ChEMBL",1
"CHEMBL3827758","COC1CN(C(=O)c2ccc3c(N)ncc(-c4ccc(-c5cnn(C)c5)cc4)c3c2)C1","IC50","=",21,"nM","CHEMBL5719","ChEMBL",1
"CHEMBL3827586","COC1(C)CN(C(=O)c2ccc3c(N)ncc(-c4ccc(-c5cnn(C)c5)cc4)c3c2)C1","IC50","=",23.1,"nM","CHEMBL5719","ChEMBL",1
"CHEMBL3827904","Cn1cc(-c2ccc(-c3cnc(N)c4ccc(C(=O)N5CC(F)(F)C5)cc34)cc2)cn1","IC50","=",17.9,"nM","CHEMBL5719","ChEMBL",1
"CHEMBL3827874","Cn1cc(-c2ccc(-c3cnc(N)c4ccc(C(=O)N5CC(C)(F)C5)cc34)cc2)cn1","IC50","=",20.2,"nM","CHEMBL5719","ChEMBL",1
"CHEMBL3828310","CC(=O)Nc1ccc2c(N)ncc(-c3ccc(-c4cnn(C)c4)cc3)c2c1","IC50","=",76,"nM","CHEMBL5719","ChEMBL",1
"CHEMBL3827664","Cn1cc(-c2ccc(-c3cnc(N)c4ccc(C(=O)NC5CC5)cc34)cc2)cn1","IC50","=",9,"nM","CHEMBL5719","ChEMBL",1
"CHEMBL3827605","Cn1cc(-c2ccc(-c3cnc(N)c4ccc(N5CCOC5=O)cc34)cc2)cn1","IC50","=",24,"nM","CHEMBL5719","ChEMBL",1
"CHEMBL3895703","CNc1n[nH]c2ccc(C(=O)N3CCC[C@H]3c3ccc(Cl)cc3)cc12","IC50","=",12,"nM","CHEMBL5719","ChEMBL",1
"CHEMBL3899488","Cc1ncc2sc(C(=O)N3CCCC3c3ccccc3)nn12","IC50","=",415,"nM","CHEMBL5719","ChEMBL",1
"CHEMBL3903492","Cc1n[nH]c2ncc(C(=O)N3CCC[C@H]3c3ccc(Cl)cc3)cc12","IC50","=",6.5,"nM","CHEMBL5719","ChEMBL",1
"CHEMBL3905910","CN1CC[C@@H](c2c(O)cc(O)c3c(=O)cc(-c4ccc(C(F)(F)F)cc4Cl)oc23)[C@@H]1CO","IC50","=",12,"nM","CHEMBL5719","ChEMBL",1
"CHEMBL3906261","Cc1ncc2sc(C(=O)N3CCCC3c3ccc(F)cc3)nn12","IC50","=",290,"nM","CHEMBL5719","ChEMBL",1
"CHEMBL3911320","Nc1n[nH]c2ccc(C(=O)N3CCC[C@H]3c3ccc(Cl)cc3)cc12","IC50","=",28,"nM","CHEMBL5719","ChEMBL",1
"CHEMBL3916750","Cc1n[nH]c2cnc(C(=O)N3CCC[C@H]3c3ccc(Cl)cc3)cc12","IC50","=",125,"nM","CHEMBL5719","ChEMBL",1
"CHEMBL3929167","O=C(c1ccc2[nH]ncc2c1)N1CCC[C@H]1c1ccc(Cl)cc1","IC50","=",100,"nM","CHEMBL5719","ChEMBL",1
"CHEMBL3934243","Cc1ncc2sc(C(=O)N3CCCC3c3ccc(Cl)cc3)nn12","IC50","=",100,"nM","CHEMBL5719","ChEMBL",1
"CHEMBL3938208","Cc1ncc2sc(C(=O)N3CCC[C@H]3c3ccc(Cl)cc3)nn12","IC50","=",70,"nM","CHEMBL5719","ChEMBL",1
"CHEMBL3938357","Cc1n[nH]c2ccc(C(=O)N3CCOCC3c3ccc(Cl)cc3)cc12","IC50","=",115,"nM","CHEMBL5719","ChEMBL",1
"CHEMBL3939280","Nc1n[nH]c2ccc(C(=O)N3CCC[C@H]3c3ccc(Br)cc3)cc12","IC50","=",19,"nM","CHEMBL5719","ChEMBL",1
"CHEMBL3947140","Cc1n[nH]c2ccc(C(=O)N3CCC[C@H]3c3ccc(Cl)cc3)nc12","IC50","=",2.8,"nM","CHEMBL5719","ChEMBL",1
"CHEMBL3948055","Cc1ncc2ccc(C(=O)N3CCC[C@H]3c3ccc(Cl)cc3)cn12","IC50","=",90,"nM","CHEMBL5719","ChEMBL",1
"CHEMBL3955876","Nc1n[nH]c2ccc(C(=O)N3CC[C@@H](c4ccc(Cl)cc4)C3)cc12","IC50","=",150,"nM","CHEMBL5719","ChEMBL",1
"CHEMBL3956719","Cc1n[nH]c2ccc(C(=O)N3CCC[C@H]3c3ccc(Cl)cc3)cc12","IC50","=",0.6,"nM","CHEMBL5719","ChEMBL",1
"CHEMBL3964636","Nc1n[nH]c2ccc(C(=O)N3CC[C@H]3c3ccc(F)cc3)cc12","IC50","=",435,"nM","CHEMBL5719","ChEMBL",1
"CHEMBL3966985","Cc1n[nH]c2ccc(C(=O)N3CC[C@H]3c3ccc(Cl)cc3)cc12","IC50","=",2,"nM","CHEMBL5719","ChEMBL",1
"CHEMBL3967915","Cc1n[nH]c2ccc(C(=O)N3CCN(C)CC3c3ccc(Cl)cc3)cc12","IC50","=",230,"nM","CHEMBL5719","ChEMBL",1
"CHEMBL3975326","Nc1n[nH]c2ccc(C(=O)N3CCC[C@H]3c3ccc(F)cc3)cc12","IC50","=",120,"nM","CHEMBL5719","ChEMBL",1
"CHEMBL3984494","Nc1n[nH]c2ccc(C(=O)N3CCCC[C@H]3c3ccc(F)cc3)cc12","IC50","=",800,"nM","CHEMBL5719","ChEMBL",1
"CHEMBL4059523","O=C(/C=C/c1cnccc1-c1cnn(C2CC2)c1)Nc1ccc(CN2CC(F)(F)C2)cc1","EC50","=",8.4,"nM","CHEMBL5719","ChEMBL",1
"CHEMBL4060561","Cn1cc(-c2ccncc2/C=C/C(=O)Nc2ccc3c(c2)CCN(CC(F)(F)F)C3)cn1","EC50","=",7,"nM","CHEMBL5719","ChEMBL",1
"CHEMBL4060582","CSc1sc(C(N)=O)c2c1-c1snnc1CC2","EC50","=",550,"nM","CHEMBL5719","ChEMBL",1
"CHEMBL4060714","Cc1ccncc1Oc1sc(C(N)=O)c2c1-c1sncc1CC2","EC50","=",16,"nM","CHEMBL5719","ChEMBL",1
"CHEMBL4060759","O=C(/C=C/c1cncc(F)c1-c1cnn(C2CC2)c1)Nc1ccc(CN2CCOCC2)cc1","EC50","=",2.3,"nM","CHEMBL5719","ChEMBL",1
"CHEMBL4060856","NC(=O)c1ccc(Oc2sc(C(N)=O)c3c2-c2sncc2CC3)cn1","EC50","=",1.4,"nM","CHEMBL5719","ChEMBL",1
"CHEMBL4061525","CNc1ccc(Oc2sc(C(N)=O)c3c2-c2sncc2CC3)cn1","EC50","=",0.58,"nM","CHEMBL5719","ChEMBL",1
"CHEMBL4061783","NC(=O)c1sc(Oc2ccccn2)c2c1CCc1cnsc1-2","EC50","=",66,"nM","CHEMBL5719","ChEMBL",1
"CHEMBL4061835","CC1COCCN1Cc1ccc(NC(=O)/C=C/c2cnccc2-c2cnn(C)c2)cc1","EC50","=",27,"nM","CHEMBL5719","ChEMBL",1
"CHEMBL4062244","Cc1ccc(Oc2sc(C(N)=O)c3c2-c2sncc2CC3)cn1","EC50","=",3,"nM","CHEMBL5719","ChEMBL",1
"CHEMBL4062262","CNC(=O)c1sc(SC)c2c1CCc1cnsc1-2","EC50","=",140,"nM","CHEMBL5719","ChEMBL",1
"CHEMBL4063358","CSc1sc(C(N)=O)c2c1-c1c(cnn1C)CC2","EC50","=",25,"nM","CHEMBL5719","ChEMBL",1
"CHEMBL4063489","O=C(/C=C/c1cnccc1-c1cnn(C(F)F)c1)Nc1ccc(CN2CCOCC2)cc1","EC50","=",11,"nM","CHEMBL5719","ChEMBL",1
"CHEMBL4063680","CN(C)C(=O)c1ccc(Oc2sc(C(N)=O)c3c2-c2sncc2CC3)cn1","EC50","=",21,"nM","CHEMBL5719","ChEMBL",1
"CHEMBL4063709","Cn1cc(-c2ccncc2/C=C/C(=O)Nc2ccc(CN3CCOCC3)cc2)cn1","EC50","=",13,"nM","CHEMBL5719","ChEMBL",1
"CHEMBL4063908","O=C(/C=C/c1cnccc1-c1cnn(C2CC2)c1)Nc1ccc(CN2CC3CC2CO3)cc1","EC50","=",3.1,"nM","CHEMBL5719","ChEMBL",1
"CHEMBL4065027","CSc1sc(C(=O)Nc2ccon2)c2c1-c1sncc1CC2","EC50","=",890,"nM","CHEMBL5719","ChEMBL",1
"CHEMBL4066819","COCCNC(=O)c1ccc(Oc2sc(C(N)=O)c3c2-c2sncc2CC3)cn1","Kd","=",46,"nM","CHEMBL5719","ChEMBL",1
"CHEMBL4066959","Cn1cc(-c2ccncc2/C=C/C(=O)Nc2ccc(CN3CC4CC3CO4)cc2)cn1","EC50","=",19,"nM","CHEMBL5719","ChEMBL",1
"CHEMBL4069244","Cn1cc(-c2ccncc2/C=C/C(=O)Nc2ccc3c(c2)CN(CC(F)(F)F)CC3)cn1","EC50","=",8.4,"nM","CHEMBL5719","ChEMBL",1
"CHEMBL4069269","CSc1sc(C(N)=O)c2c1-c1oncc1CC2","EC50","=",200,"nM","CHEMBL5719","ChEMBL",1
"CHEMBL4069854","COc1sc(C(N)=O)c2c1-c1sncc1CC2","EC50","=",9.1,"nM","CHEMBL5719","ChEMBL",1
"CHEMBL4070408","Cc1ncccc1Oc1sc(C(N)=O)c2c1-c1sncc1CC2","EC50","=",2,"nM","CHEMBL5719","ChEMBL",1
"CHEMBL4070459","Cn1cc(-c2ccncc2/C=C/C(=O)Nc2ccc(CN3C4CCC3COC4)cc2)cn1","EC50","=",17,"nM","CHEMBL5719","ChEMBL",1
"CHEMBL4071040","COCCNC(=O)c1ccc(Oc2sc(C(N)=O)c3c2-c2sncc2CC3)c(C)n1","EC50","=",0.35,"nM","CHEMBL5719","ChEMBL",1
"CHEMBL4072106","Cn1cnc2ccc(-c3ccncc3/C=C/C(=O)Nc3ccc(CN4CCOCC4)cc3)cc21","EC50","=",2.4,"nM","CHEMBL5719","ChEMBL",1
"CHEMBL4072372","Cc1cncc(Oc2sc(C(N)=O)c3c2-c2sncc2CC3)c1","EC50","=",28,"nM","CHEMBL5719","ChEMBL",1
"CHEMBL4074204","NC(=O)c1sc(Oc2ccc(N)nc2)c2c1CCc1cnsc1-2","EC50","=",2.3,"nM","CHEMBL5719","ChEMBL",1
"CHEMBL4074871","Cn1cc(-c2ccncc2CCC(=O)Nc2ccc(CN3CCOCC3)cc2)cn1","EC50","=",95,"nM","CHEMBL5719","ChEMBL",1
"CHEMBL4076395","CNC(=O)c1ccc(Oc2sc(C(N)=O)c3c2-c2sncc2CC3)cn1","EC50","=",2.6,"nM","CHEMBL5719","ChEMBL",1
"CHEMBL4076837","CN1CCN(C(=O)c2ccc3cc(CCNc4ncnc5ccc(C#N)cc45)ccc3c2)CC1","Kd","=",59,"nM","CHEMBL5719","ChEMBL",1
"CHEMBL4077627","CCOCCNC(=O)c1ccc(Oc2sc(C(N)=O)c3c2-c2sncc2CC3)cn1","EC50","=",1.5,"nM","CHEMBL5719","ChEMBL",1
"CHEMBL4079336","NC(=O)c1ccc(-c2ccncc2/C=C/C(=O)Nc2ccc(CN3CCOCC3)cc2)s1","EC50","=",690,"nM","CHEMBL5719","ChEMBL",1
"CHEMBL4079977","O=C(/C=C/c1cnccc1-c1cnn(C2CC2)c1)Nc1ccc(CN2CC3CC(C2)O3)cc1","EC50","=",5.5,"nM","CHEMBL5719","ChEMBL",1
"CHEMBL4080906","CN(C)[C@H]1C[C@@]23CC[C@@]4(O2)C(=CC[C@]2(C)[C@@H](c5ccc6ccncc6c5)CC[C@H]24)C=C3[C@@H](O)[C@@H]1O","IC50","=",12,"nM","CHEMBL5719","ChEMBL",1
"CHEMBL4081088","Cn1cc(-c2c(F)cncc2/C=C/C(=O)Nc2ccc(CN3CCOCC3)cc2)cn1","EC50","=",3.6,"nM","CHEMBL5719","ChEMBL",1
"CHEMBL4082444","O=C(/C=C/c1cnccc1-c1cnn(C2CC2)c1)Nc1ccc2c(c1)CCN(CC(F)(F)F)C2","EC50","=",14,"nM","CHEMBL5719","ChEMBL",1
"CHEMBL4082469","CSc1sc(C(N)=O)c2c1-c1sncc1CC2","EC50","=",8.9,"nM","CHEMBL5719","ChEMBL",1
"CHEMBL4082587","O=C(/C=C/c1cnccc1-c1ccc2[nH]cnc2c1)Nc1ccc(CN2CCOCC2)cc1","EC50","=",10,"nM","CHEMBL5719","ChEMBL",1
"CHEMBL4082699","CSc1sc(C#N)c2c1-c1sncc1CC2","EC50","=",490,"nM","CHEMBL5719","ChEMBL",1
"CHEMBL4083552","NC(=O)c1sc(Oc2ccccc2)c2c1CCc1cnsc1-2","EC50","=",0.77,"nM","CHEMBL5719","ChEMBL",1
"CHEMBL4083599","Cn1cc(-c2ccncc2/C=C/C(=O)Nc2ccccc2)cn1","EC50","=",110,"nM","CHEMBL5719","ChEMBL",1
"CHEMBL4084957","CSc1sc(C(=O)Nc2ccsn2)c2c1-c1sncc1CC2","EC50","=",620,"nM","CHEMBL5719","ChEMBL",1
"CHEMBL4085116","O=C(/C=C/c1cnccc1-c1cnn(CC(F)(F)F)c1)Nc1ccc(CN2CCOCC2)cc1","EC50","=",150,"nM","CHEMBL5719","ChEMBL",1
"CHEMBL4086487","CC(=O)Nc1ccc(Oc2sc(C(N)=O)c3c2-c2sncc2CC3)cn1","EC50","=",0.4,"nM","CHEMBL5719","ChEMBL",1
"CHEMBL4087219","COc1ncc(-c2ccncc2/C=C/C(=O)Nc2ccc(CN3CCOCC3)cc2)s1","EC50","=",12,"nM","CHEMBL5719","ChEMBL",1
"CHEMBL4087859","Cn1cc(-c2ccncc2/C=C/C(=O)Nc2ccc(CN3CC(F)(F)C3)cc2)cn1","EC50","=",84,"nM","CHEMBL5719","ChEMBL",1
"CHEMBL4088216","CN1C(=O)[C@@H](N2CCc3cn(Cc4ccccc4)nc3C2=O)COc2ccccc21","IC50",,1000,"nM","CHEMBL5719","ChEMBL",1
"CHEMBL4088931","Cc1c(Oc2sc(C(N)=O)c3c2-c2sncc2CC3)ccc[n+]1[O-]","EC50","=",8.3,"nM","CHEMBL5719","ChEMBL",1
"CHEMBL4090775","CC(C)(O)CNC(=O)c1ccc(Oc2sc(C(N)=O)c3c2-c2sncc2CC3)cn1","EC50","=",7.4,"nM","CHEMBL5719","ChEMBL",1
"CHEMBL4091345","NC(=O)c1sc(Oc2cccnc2)c2c1CCc1cnsc1-2","EC50","=",3,"nM","CHEMBL5719","ChEMBL",1
"CHEMBL4091382","CC1CN(Cc2ccc(NC(=O)/C=C/c3cnccc3-c3cnn(C)c3)cc2)CCO1","EC50","=",16,"nM","CHEMBL5719","ChEMBL",1
"CHEMBL4091527","O=C(/C=C/c1cnccc1-c1cn[nH]c1)Nc1ccc(CN2CCOCC2)cc1","EC50","=",21,"nM","CHEMBL5719","ChEMBL",1
"CHEMBL4092865","O=C(/C=C/c1cnccc1-c1cnn(C2CC2)c1)Nc1ccc(CN2CCOCC2)cc1","EC50","=",11,"nM","CHEMBL5719","ChEMBL",1
"CHEMBL4093832","O=C(CCc1cnccc1-c1cnn(C2CC2)c1)Nc1ccc(CN2CCOCC2)cc1","EC50","=",130,"nM","CHEMBL5719","ChEMBL",1
"CHEMBL4094902","O=C(/C=C/c1cnccc1-c1cnsc1)Nc1ccc(CN2CCOCC2)cc1","EC50","=",110,"nM","CHEMBL5719","ChEMBL",1
"CHEMBL4097047","CS(=O)(=O)c1sc(C(N)=O)c2c1-c1sncc1CC2","EC50","=",220,"nM","CHEMBL5719","ChEMBL",1
"CHEMBL4097361","COc1ccc(-c2ccncc2/C=C/C(=O)Nc2ccc(CN3CCOCC3)cc2)s1","EC50","=",97,"nM","CHEMBL5719","ChEMBL",1
"CHEMBL4097778","CN1C(=O)[C@@H](N2CCc3cn(CC4CCS(=O)(=O)CC4)nc3C2=O)COc2ccccc21","IC50",,1000,"nM","CHEMBL5719","ChEMBL",1
"CHEMBL4098004","Cn1cc(-c2ccncc2/C=C/C(=O)Nc2ccc(CN3CCC(F)(F)C3)cc2)cn1","EC50","=",17,"nM","CHEMBL5719","ChEMBL",1
"CHEMBL4101552","O=C(/C=C/c1cnccc1-c1cnn(Cc2ccccc2)c1)Nc1ccc(CN2CCOCC2)cc1","EC50","=",28,"nM","CHEMBL5719","ChEMBL",1
"CHEMBL4102907","C[S+]([O-])c1sc(C(N)=O)c2c1-c1sncc1CC2","EC50","=",70,"nM","CHEMBL5719","ChEMBL",1
"CHEMBL4104223","c1cc2cc(c1)-c1cnc3ccc(nn13)NCCCCCO2","EC50","=",337,"nM","CHEMBL5719","ChEMBL",1
"CHEMBL4105077","O=C(/C=C/c1cnccc1-c1cncs1)Nc1ccc(CN2CCOCC2)cc1","EC50","=",140,"nM","CHEMBL5719","ChEMBL",1
"CHEMBL4159279","CN(C)[C@@H]1CC[C@@]2(C)[C@@H](CC[C@@H]3[C@@H]2CC[C@]2(C)[C@@H](c4ccc5ccncc5c4)CC[C@@H]32)C1","IC50","=",64,"nM","CHEMBL5719","ChEMBL",1
"CHEMBL4160370","C[C@]12CC[C@H](N3CCOCC3)C[C@@H]1CC[C@@H]1[C@@H]2CC[C@]2(C)[C@@H](c3ccc4ccncc4c3)CC[C@@H]12","IC50","=",120,"nM","CHEMBL5719","ChEMBL",1
"CHEMBL4162429","CN(C)[C@H]1C[C@@]23CC[C@@]4(O2)C(=CC[C@]2(C)C(c5ccc6ccncc6c5)=CCC24)C=C3[C@@H](O)[C@@H]1O","IC50","=",17,"nM","CHEMBL5719","ChEMBL",1
"CHEMBL4162650","CN(C)[C@H]1CC[C@@]2(C)[C@@H](CC[C@@H]3[C@@H]2CC[C@]2(C)[C@@H](c4ccc5ccncc5c4)CC[C@@H]32)C1","IC50","=",24,"nM","CHEMBL5719","ChEMBL",1
"CHEMBL4163735","CN[C@H]1CC[C@@]2(C)[C@@H](CC[C@@H]3[C@@H]2CC[C@]2(C)[C@@H](c4ccc5ccncc5c4)CC[C@@H]32)C1","IC50","=",701,"nM","CHEMBL5719","ChEMBL",1
"CHEMBL4164360","CN1C(=O)CCC(N2C(=O)c3cccc(NCCOCCOCCOCCOCCC(=O)N(C)[C@H]4CC[C@@]5(C)[C@@H](CC[C@@H]6[C@@H]5CC[C@]5(C)[C@@H](c7ccc8ccncc8c7)CC[C@@H]65)C4)c3C2=O)C1=O","IC50","=",443,"nM","CHEMBL5719","ChEMBL",1
"CHEMBL4164953","C[C@]12CC[C@H](O)CC1=CC[C@@H]1[C@@H]2CC[C@]2(C)C(c3ccc4ccncc4c3)=CC[C@@H]12","IC50","=",164,"nM","CHEMBL5719","ChEMBL",1
"CHEMBL4167143","CN(C)[C@H]1C[C@@]23CC[C@@]4(O2)C(=CC[C@@]2(C)C4CC[C@@H]2c2ccc4ccncc4c2)C=C3[C@@H](O)[C@@H]1O","IC50","=",15,"nM","CHEMBL5719","ChEMBL",1
"CHEMBL4167193","CN(C)[C@H]1CC[C@@]2(C)C(=CC[C@H]3[C@@H]4CC[C@H](c5ccc6ccncc6c5)[C@@]4(C)CC[C@@H]32)C1","IC50","=",16,"nM","CHEMBL5719","ChEMBL",1
"CHEMBL4169344","C[C@]12CC[C@H](O)C[C@@H]1CC[C@@H]1[C@@H]2CC[C@]2(C)[C@@H](c3ccc4ccncc4c3)CC[C@@H]12","IC50","=",208,"nM","CHEMBL5719","ChEMBL",1
"CHEMBL4170388","C[C@]12CC[C@H](O)CC1=CC[C@@H]1[C@@H]2CC[C@]2(C)C(c3ccc4c(N)n[nH]c4c3)=CC[C@@H]12","IC50","=",701,"nM","CHEMBL5719","ChEMBL",1
"CHEMBL4170540","CN(C(=O)CCOCCOCCNc1cccc2c1C(=O)N(C1CCC(=O)NC1=O)C2=O)[C@H]1CC[C@@]2(C)[C@@H](CC[C@@H]3[C@@H]2CC[C@]2(C)[C@@H](c4ccc5ccncc5c4)CC[C@@H]32)C1","IC50","=",192,"nM","CHEMBL5719","ChEMBL",1
"CHEMBL4170978","CC(=O)N(C)[C@H]1CC[C@@]2(C)[C@@H](CC[C@@H]3[C@@H]2CC[C@]2(C)[C@@H](c4ccc5ccncc5c4)CC[C@@H]32)C1","IC50","=",34,"nM","CHEMBL5719","ChEMBL",1
"CHEMBL4172737","C[C@]12CC[C@H]3[C@@H](CC=C4C[C@@H](O)CC[C@@]43C)[C@@H]1CC[C@@H]2c1ccc2nc(N)ncc2c1","IC50","=",108,"nM","CHEMBL5719","ChEMBL",1
"CHEMBL4173827","C[C@]12CC[C@H]3[C@@H](CC=C4C[C@@H](O)CC[C@@]43C)[C@@H]1CC[C@@H]2c1ccc2ccncc2c1","IC50","=",48,"nM","CHEMBL5719","ChEMBL",1
"CHEMBL4174408","C[C@]12CC[C@H](n3ccnn3)C[C@@H]1CC[C@@H]1[C@@H]2CC[C@]2(C)[C@@H](c3ccc4ccncc4c3)CC[C@@H]12","IC50","=",24,"nM","CHEMBL5719","ChEMBL",1
"CHEMBL4175290","C[C@]12CC[C@H]3[C@@H](CC=C4C[C@@H](O)CC[C@@]43C)[C@@H]1CC[C@@H]2c1ccc2c(N)n[nH]c2c1","IC50","=",682,"nM","CHEMBL5719","ChEMBL",1
"CHEMBL4176230","C[C@]12CC[C@H](O)C[C@@H]1CC[C@@H]1[C@@H]2CC[C@]2(C)C(c3ccc4ccncc4c3)=CC[C@@H]12","IC50","=",701,"nM","CHEMBL5719","ChEMBL",1
"CHEMBL4176300","CN(C(=O)CCOCCOCCOCCOCCNc1cccc2c1C(=O)N(C1CCC(=O)NC1=O)C2=O)[C@H]1CC[C@@]2(C)[C@@H](CC[C@@H]3[C@@H]2CC[C@]2(C)[C@@H](c4ccc5ccncc5c4)CC[C@@H]32)C1","IC50","=",159,"nM","CHEMBL5719","ChEMBL",1
"CHEMBL4225966","Cc1c(Br)c(Br)c2c3c1nc(N1CCNCC1)n3CCC2","IC50","=",4.4,"nM","CHEMBL5719","ChEMBL",1
"CHEMBL4226806","N#Cc1ccc2ncnc(NCCc3ccccc3)c2c1","Kd","=",830,"nM","CHEMBL5719","ChEMBL",1
"CHEMBL4227266","CCN1CCN(Cc2ccc(NC(=O)N[C@@H]3CCN(c4ccnc(NC)n4)C3)cc2C(F)(F)F)CC1","IC50","=",17.4,"nM","CHEMBL5719","ChEMBL",1
"CHEMBL4303287","CN(C)C/C=C/C(=O)Nc1cccc(C(=O)Nc2cccc(Nc3ncc(Cl)c(-c4c[nH]c5ccccc45)n3)c2)c1","IC50","=",194,"nM","CHEMBL5719","ChEMBL",1
"CHEMBL4442570","Cc1cc(Oc2ccc(CCCC(=O)N(C)C)cc2F)c2c(N)c(C(N)=O)sc2n1","IC50","=",4.5,"nM","CHEMBL5719","ChEMBL",1
"CHEMBL4447689","Cc1nc(CC(=O)N2CCN(c3cncc4ccccc34)CC2)co1","Kd","=",600,"nM","CHEMBL5719","ChEMBL",1
"CHEMBL4455382","CN(C)C(=O)Cn1cc(-c2ccc(-c3cncc4ccccc34)cc2)cn1","Kd","=",0.77,"nM","CHEMBL5719","ChEMBL",1
"CHEMBL4456001","Cn1ncc2ccc(N3CCN(c4cncc5ccccc45)CC3)cc21","Kd","=",30,"nM","CHEMBL5719","ChEMBL",1
"CHEMBL4472486","CN1CCN(Cc2ccc(NC(=O)Nc3ccc(Oc4ccnc(N)n4)cc3)cc2C(F)(F)F)CC1","IC50","=",3,"nM","CHEMBL5719","ChEMBL",1
"CHEMBL4549667","CN1C(=O)[C@@H](N2CCc3c(nn(Cc4ccccc4)c3Br)C2=O)COc2ccccc21","IC50",,1000,"nM","CHEMBL5719","ChEMBL",1
"CHEMBL4571241","CCc1ccc2c(c1)c(=O)c(C(=O)Nc1ccc(Oc3ncnc4cc(OC)c(OC)cc34)c(F)c1)c(C)n2C","Kd",">",1000,"nM","CHEMBL5719","ChEMBL",1
"CHEMBL4578881","Cc1c(Br)c(Br)c2c3c1nc(N1CCNCC1)n3CCC2","IC50","=",4.4,"nM","CHEMBL5719","ChEMBL",1
"CHEMBL4584784","CC(=O)c1ccc2cncc(N3CCN(c4ccc5cnn(C)c5c4)CC3)c2c1","Kd","=",32,"nM","CHEMBL5719","ChEMBL",1
"CHEMBL4633633","CN(C)[C@@H]1CC[C@@]2(C)[C@@H](CC[C@@H]3[C@@H]2CC[C@]2(C)C(c4cccnc4)=CC[C@@H]32)C1","Kd","=",41,"nM","CHEMBL5719","ChEMBL",1
"CHEMBL4635162","CN(C)[C@H]1C[C@@]23CC[C@@]4(O2)C(=CC[C@]2(C)[C@@H](c5ccc6cnccc6c5)CC[C@H]24)C=C3[C@@H](O)[C@@H]1O","Kd","=",17,"nM","CHEMBL5719","ChEMBL",1
"CHEMBL4637411","CN(C)[C@@H]1CC[C@@]2(C)[C@@H](CC[C@@H]3[C@@H]2CC[C@]2(C)C(c4ccc5ccncc5c4)=CC[C@@H]32)C1","Kd","=",18,"nM","CHEMBL5719","ChEMBL",1
"CHEMBL4637601","CN(C)[C@@H]1CC[C@@]2(C)[C@@H](CC[C@@H]3[C@@H]2CC[C@]2(C)C(c4cccc5cnccc45)=CC[C@@H]32)C1","Kd","=",3.5,"nM","CHEMBL5719","ChEMBL",1
"CHEMBL4639890","CN(C)[C@H]1C[C@@]23CC[C@]4(O2)C(=CC[C@]2(C)[C@@H](c5ccc6ccncc6c5)CC[C@H]24)C=C3[C@@H](O)[C@@H]1O","IC50","=",12,"nM","CHEMBL5719","ChEMBL",1
"CHEMBL4646453","CN(C)[C@@H]1CC[C@@]2(C)[C@@H](CC[C@@H]3[C@@H]2CC[C@]2(C)C(c4ccc5cnccc5c4)=CC[C@@H]32)C1","Kd","=",45,"nM","CHEMBL5719","ChEMBL",1
"CHEMBL4648955","CN(C)[C@@H]1CC[C@@]2(C)[C@@H](CC[C@@H]3[C@@H]2CC[C@]2(C)C(c4cncc(Cl)c4)=CC[C@@H]32)C1","Kd","=",13,"nM","CHEMBL5719","ChEMBL",1
"CHEMBL4777657","Nc1cc(N2C(=O)c3cccnc3Oc3cc(NC(=O)Nc4ccc(Cl)c(C(F)(F)F)c4)ccc32)ccn1","IC50","=",57.5,"nM","CHEMBL5719","ChEMBL",1
"CHEMBL4777981","COc1ccc(F)cc1-c1c(F)cnc2[nH]c(C3=CCN([C@H]4CC[C@H](C(=O)O)CC4)CC3)cc12","IC50",">",320,"nM","CHEMBL5719","ChEMBL",1
"CHEMBL4780260","CNC(=O)c1cc(N2C(=O)c3cccnc3Oc3cc(NC(=O)Nc4ccc(Cl)c(C(F)(F)F)c4)ccc32)ccn1","IC50","=",361,"nM","CHEMBL5719","ChEMBL",1
"CHEMBL4788035","O=C(Nc1ccccc1)Nc1ccc2c(c1)Oc1ncccc1C(=O)N2c1ccncc1","IC50","=",9.96,"nM","CHEMBL5719","ChEMBL",1
"CHEMBL4791276","CCn1c(C(N)=O)cc2c1-c1ccncc1OC2(C)C","IC50","=",1.5,"nM","CHEMBL5719","ChEMBL",1
"CHEMBL4792974","O=C(Nc1ccc2c(c1)Oc1ncccc1C(=O)N2c1ccncc1)Nc1ccc(Cl)c(C(F)(F)F)c1","IC50","=",8.25,"nM","CHEMBL5719","ChEMBL",1
"CHEMBL4793909","CN(C)[C@H]1CC[C@@]2(C)[C@@H](CC[C@@H]3[C@@H]2CC[C@]2(C)C(c4ccc5ccncc5c4)=CC[C@@H]32)C1","IC50","=",101,"nM","CHEMBL5719","ChEMBL",1
"CHEMBL4796082","O=C(Nc1ccccc1)Nc1ccc2c(c1)Oc1ncccc1C(=O)N2c1ccoc1","IC50","=",593,"nM","CHEMBL5719","ChEMBL",1
"CHEMBL4799612","CN(C)[C@H]1CC[C@@]2(C)C(=CC[C@@H]3[C@@H]2CC[C@]2(C)C(c4ccc5ccncc5c4)=CC[C@@H]32)C1","IC50","=",101,"nM","CHEMBL5719","ChEMBL",1
"CHEMBL4800453","O=C(NCc1ccccc1F)Nc1ccc2c(c1)Oc1ncccc1C(=O)N2c1ccncc1","IC50","=",324,"nM","CHEMBL5719","ChEMBL",1
"CHEMBL4851694","N#Cc1ccc2nccc(NCCc3ccc4cc(C(=O)N5CCNCC5)ccc4c3)c2c1","IC50","=",449,"nM","CHEMBL5719","ChEMBL",1
"CHEMBL4853053","CN(C)C(=O)Cc1ccc(N2CCCN(c3ccnc4ccc(C#N)cc34)CC2)cc1","IC50","=",82,"nM","CHEMBL5719","ChEMBL",1
"CHEMBL4855789","N#Cc1ccc2nccc(NCCc3ccccc3)c2c1","IC50","=",217,"nM","CHEMBL5719","ChEMBL",1
"CHEMBL4856360","Cn1ncc2cc(-c3cnc4[nH]ccc4c3N3CCC4(CCNC4=O)CC3)ccc21","IC50","=",46,"nM","CHEMBL5719","ChEMBL",1
"CHEMBL4856755","CN(C)C(=O)c1ccc2cc(CCNc3ccnc4ccc(C#N)cc34)ccc2c1","IC50","=",103,"nM","CHEMBL5719","ChEMBL",1
"CHEMBL4858759","CN(C)C(=O)c1ccc(N2CCCN(c3ccnc4ccc(C#N)cc34)CC2)cc1","IC50","=",203,"nM","CHEMBL5719","ChEMBL",1
"CHEMBL4863646","O=[N+]([O-])c1ccc2nccc(NCCc3ccccc3)c2c1","IC50","=",346,"nM","CHEMBL5719","ChEMBL",1
"CHEMBL4868007","N#Cc1ccc2nccc(NCCc3ccc4cc(C(=O)N5CCN(CCCO)CC5)ccc4c3)c2c1","IC50","=",117,"nM","CHEMBL5719","ChEMBL",1
"CHEMBL4875076","CN1CCN(C(=O)c2ccc3nc(CCNc4ccnc5ccc(C#N)cc45)ccc3c2)CC1","IC50","=",195,"nM","CHEMBL5719","ChEMBL",1
"CHEMBL4877883","Cn1ncc2cc(-c3cnc4[nH]nc(Cl)c4c3N3CCC4(CCNC4=O)CC3)ccc21","IC50","=",2,"nM","CHEMBL5719","ChEMBL",1
"CHEMBL4878072","CN1CCN(C(=O)c2ccc3cc(CCNc4ccnc5ccc(C#N)cc45)ccc3c2)CC1","Kd","=",55,"nM","CHEMBL5719","ChEMBL",1
"CHEMBL5071605","CCOCCOC[C@H]1CCCN(c2ccnc3sc(C(N)=O)c(N)c23)C1","IC50","=",33,"nM","CHEMBL5719","ChEMBL",1
"CHEMBL5076378","CC1CCCN(c2ccnc3sc(C(N)=O)c(N)c23)C1","IC50","=",31,"nM","CHEMBL5719","ChEMBL",1
"CHEMBL5078832","NC(=O)c1sc2nccc(N3CCCC(CO)C3)c2c1N","IC50","=",93,"nM","CHEMBL5719","ChEMBL",1
"CHEMBL5083027","COC[C@H]1CCCN(c2ccnc3sc(C(N)=O)c(N)c23)C1","IC50","=",34,"nM","CHEMBL5719","ChEMBL",1
"CHEMBL5088336","COC[C@@H]1CCCN(c2ccnc3sc(C(N)=O)c(N)c23)C1","IC50","=",410,"nM","CHEMBL5719","ChEMBL",1
"CHEMBL5090279","CCCOCC1CCCN(c2ccnc3c2C(N)=C(C(N)=O)C3)C1","IC50","=",33,"nM","CHEMBL5719","ChEMBL",1
"CHEMBL5093576","CC1CCN(c2ccnc3sc(C(N)=O)c(N)c23)CC1","IC50","=",520,"nM","CHEMBL5719","ChEMBL",1
"CHEMBL5169532","Nc1ccc(Oc2cccc(NC(=O)Nc3ccccc3F)c2)cn1","IC50","=",317.2,"nM","CHEMBL5719","ChEMBL",1
"CHEMBL5169620","O=C(NCCc1cccc(-c2cnc3[nH]ccc3c2)c1)c1ccc(Cl)c(C(F)(F)F)c1","IC50","=",70.4,"nM","CHEMBL5719","ChEMBL",1
"CHEMBL5169918","O=C(CCc1cccc(-c2cnc3[nH]ccc3c2)c1)Nc1ccc(Cl)c(C(F)(F)F)c1","IC50","=",177.2,"nM","CHEMBL5719","ChEMBL",1
"CHEMBL5170240","Nc1ccc(Oc2cccc(NC(=O)Nc3ccc(F)cc3)c2)cn1","IC50","=",68.4,"nM","CHEMBL5719","ChEMBL",1
"CHEMBL5170909","Cc1ccc(NC(=O)CCc2cccc(-c3cnc4[nH]ccc4c3)c2)cc1","IC50","=",187.6,"nM","CHEMBL5719","ChEMBL",1
"CHEMBL5171978","Nc1ccc(Oc2cccc(NC(=O)Nc3ccc(Cl)c(C(F)(F)F)c3)c2)cn1","IC50","=",59.1,"nM","CHEMBL5719","ChEMBL",1
"CHEMBL5172387","Nc1ccc(Oc2cccc(NC(=O)Nc3cccc(C(F)(F)F)c3)c2)cn1","IC50","=",62.3,"nM","CHEMBL5719","ChEMBL",1
"CHEMBL5172664","Cc1ccc(NC(=O)Nc2cccc(Oc3ccc(N)nc3)c2)cc1","IC50","=",205.3,"nM","CHEMBL5719","ChEMBL",1
"CHEMBL5173581","O=C(Nc1cccc(Oc2cnc3[nH]ccc3c2)c1)Nc1cccc(C(F)(F)F)c1","IC50","=",61.7,"nM","CHEMBL5719","ChEMBL",1
"CHEMBL5173845","Nc1ccc(Oc2cccc(NC(=O)Nc3ccc(F)c(Cl)c3)c2)cn1","IC50","=",94.6,"nM","CHEMBL5719","ChEMBL",1
"CHEMBL5174364","Nc1ccc(Oc2cccc(NC(=O)Nc3ccc(F)c(C(F)(F)F)c3)c2)cn1","IC50","=",49.6,"nM","CHEMBL5719","ChEMBL",1
"CHEMBL5174994","Nc1ccc(Oc2ccc(NC(=O)Nc3ccc(F)c(C(F)(F)F)c3)cc2)cn1","IC50","=",128.6,"nM","CHEMBL5719","ChEMBL",1
"CHEMBL5175237","Nc1ccc(Oc2cccc(NC(=O)Nc3cccc(Br)c3)c2)cn1","IC50","=",219.5,"nM","CHEMBL5719","ChEMBL",1
"CHEMBL5175694","COc1ccc(NC(=O)CCc2cccc(-c3cnc4[nH]ccc4c3)c2)cc1","IC50","=",190.7,"nM","CHEMBL5719","ChEMBL",1
"CHEMBL5176210","COc1cccc(NC(=O)Nc2ccc(Oc3ccc(N)nc3)cc2)c1","IC50","=",60.2,"nM","CHEMBL5719","ChEMBL",1
"CHEMBL5177423","Cc1cccc(NC(=O)Nc2ccc(Oc3ccc(N)nc3)cc2)c1","IC50","=",145.2,"nM","CHEMBL5719","ChEMBL",1
"CHEMBL5177635","O=C(CCCC[C@@H]1SC[C@H]2NC(=O)N[C@@H]12)NCC1CCN(CC(=O)Nc2ccc(Oc3ccc(NC(=O)Nc4cccc(C(F)(F)F)c4)cc3)cn2)CC1","IC50","=",38.5,"nM","CHEMBL5719","ChEMBL",1
"CHEMBL5177671","Cc1ccc(NC(=O)Nc2cccc(Oc3ccc(N)nc3)c2)cc1Cl","IC50","=",117.5,"nM","CHEMBL5719","ChEMBL",1
"CHEMBL5177966","Cc1ccc(NC(=O)COc2cccc(-c3cnc4[nH]ccc4c3)c2)cc1C(F)(F)F","IC50","=",185.2,"nM","CHEMBL5719","ChEMBL",1
"CHEMBL5178424","Nc1ccc(Oc2cccc(NC(=O)Nc3cccc(Cl)c3)c2)cn1","IC50","=",192.3,"nM","CHEMBL5719","ChEMBL",1
"CHEMBL5179085","Cc1ccc(NC(=O)CCc2cccc(-c3cnc4[nH]ccc4c3)c2)cc1F","IC50","=",158.4,"nM","CHEMBL5719","ChEMBL",1
"CHEMBL5180478","Nc1ccc(Sc2ccc(NC(=O)Nc3cccc(C(F)(F)F)c3)cc2)cn1","IC50","=",387.4,"nM","CHEMBL5719","ChEMBL",1
"CHEMBL5182873","O=C(Nc1ccc(Oc2cnc3[nH]ccc3c2)cc1)Nc1cccc(Cl)c1","IC50","=",885,"nM","CHEMBL5719","ChEMBL",1
"CHEMBL5183125","Nc1ccc(Oc2ccc(NC(=O)Nc3cccc(Cl)c3)cc2)cn1","IC50","=",40.6,"nM","CHEMBL5719","ChEMBL",1
"CHEMBL5183427","Cc1cccc(NC(=O)Nc2cccc(Oc3ccc(N)nc3)c2)c1","IC50","=",271.8,"nM","CHEMBL5719","ChEMBL",1
"CHEMBL5183704","Cc1ccc(NC(=O)CCc2cccc(-c3cnc4[nH]ccc4c3)c2)cc1C(F)(F)F","IC50","=",46.5,"nM","CHEMBL5719","ChEMBL",1
"CHEMBL5185743","Nc1ccc(Oc2ccc(NC(=O)Nc3cccc(Br)c3)cc2)cn1","IC50","=",55,"nM","CHEMBL5719","ChEMBL",1
"CHEMBL5186605","O=C(CCc1cccc(-c2cnc3[nH]ccc3c2)c1)Nc1cc(F)cc(F)c1","IC50","=",62.8,"nM","CHEMBL5719","ChEMBL",1
"CHEMBL5187110","Cc1ccc(NC(=O)CCc2cccc(-c3cnc4[nH]cc(Cl)c4c3)c2)cc1C(F)(F)F","IC50","=",68.5,"nM","CHEMBL5719","ChEMBL",1
"CHEMBL5187701","Nc1ccc(Oc2ccc(NC(=O)Nc3cccc(F)c3)cc2)cn1","IC50","=",47.3,"nM","CHEMBL5719","ChEMBL",1
"CHEMBL5187943","O=C(CCc1cccc(-c2cnc3[nH]ccc3c2)c1)Nc1cccc(F)c1F","IC50","=",143.3,"nM","CHEMBL5719","ChEMBL",1
"CHEMBL5188580","Cc1ccc(NC(=O)CCc2cccc(-c3cnc4[nH]cc(Br)c4c3)c2)cc1C(F)(F)F","IC50","=",40.3,"nM","CHEMBL5719","ChEMBL",1
"CHEMBL5190752","Nc1ccc(Oc2ccc(NC(=O)Nc3cccc(C(F)(F)F)c3)cc2)cn1","IC50","=",46.5,"nM","CHEMBL5719","ChEMBL",1
"CHEMBL5191407","O=C(Nc1ccc(Oc2cnc3[nH]ccc3c2)cc1)Nc1ccc(Cl)c(C(F)(F)F)c1","IC50","=",90.9,"nM","CHEMBL5719","ChEMBL",1
"CHEMBL5192875","Cc1ccc(NC(=O)CNc2cccc(-c3cnc4[nH]ccc4c3)c2)cc1C(F)(F)F","IC50","=",169.8,"nM","CHEMBL5719","ChEMBL",1
"CHEMBL5193550","Cc1ccc(NC(=O)Cc2cccc(-c3cnc4[nH]ccc4c3)c2)cc1C(F)(F)F","IC50","=",55.1,"nM","CHEMBL5719","ChEMBL",1
"CHEMBL5193587","O=C(Nc1ccc(Oc2cnc3[nH]ccc3c2)cc1)Nc1cccc(C(F)(F)F)c1","IC50","=",50.4,"nM","CHEMBL5719","ChEMBL",1
"CHEMBL5195693","O=C(Nc1cccc(Oc2cnc3[nH]ccc3c2)c1)Nc1ccc(Cl)c(C(F)(F)F)c1","IC50","=",488.3,"nM","CHEMBL5719","ChEMBL",1
"CHEMBL5197639","Cc1ccc(NC(=O)Nc2ccc(Oc3cnc4[nH]ccc4c3)cc2)cc1C(F)(F)F","IC50","=",355.6,"nM","CHEMBL5719","ChEMBL",1
"CHEMBL5198994","CC(=O)Nc1ccc(Oc2ccc(NC(=O)Nc3cccc(C(F)(F)F)c3)cc2)cn1","IC50","=",130.9,"nM","CHEMBL5719","ChEMBL",1
"CHEMBL5199011","N#Cc1ccc(NC(=O)CCc2cccc(-c3cnc4[nH]ccc4c3)c2)cc1C(F)(F)F","IC50","=",125.9,"nM","CHEMBL5719","ChEMBL",1
"CHEMBL5199633","Cc1ccc(NC(=O)/C=C/c2cccc(-c3cnc4[nH]ccc4c3)c2)cc1C(F)(F)F","IC50","=",53.9,"nM","CHEMBL5719","ChEMBL",1
"CHEMBL5200463","Cc1ccc(NC(=O)CCc2cc(-c3cnc4[nH]ccc4c3)ccc2Cl)cc1C(F)(F)F","IC50","=",85.4,"nM","CHEMBL5719","ChEMBL",1
"CHEMBL5200780","Cc1ccc(NC(=O)/C=C/c2cc(-c3cnc4[nH]ccc4c3)ccc2Cl)cc1C(F)(F)F","IC50","=",185.4,"nM","CHEMBL5719","ChEMBL",1
"CHEMBL5202198","Cc1ccc(NC(=O)/C=C/c2cc(-c3cnc4[nH]ccc4c3)ccc2F)cc1C(F)(F)F","IC50","=",197.2,"nM","CHEMBL5719","ChEMBL",1
"CHEMBL5202901","Nc1ccc(Oc2ccc(NC(=O)Nc3cccc(Cl)c3Cl)cc2)cn1","IC50","=",155.8,"nM","CHEMBL5719","ChEMBL",1
"CHEMBL5203621","O=C(CCc1cccc(-c2cnc3[nH]ccc3c2)c1)Nc1ccc(NCCN2CCOCC2)c(C(F)(F)F)c1","IC50","=",64.5,"nM","CHEMBL5719","ChEMBL",1
"CHEMBL5203799","Nc1ccc(Oc2cccc(NC(=O)Nc3ccc(Cl)c(Cl)c3)c2)cn1","IC50","=",155.7,"nM","CHEMBL5719","ChEMBL",1
"CHEMBL5205472","Cc1ccc(NC(=O)CCc2cccc(-c3cnc4[nH]cc(I)c4c3)c2)cc1C(F)(F)F","IC50","=",167.5,"nM","CHEMBL5719","ChEMBL",1
"CHEMBL5207793","Cc1ccc(NC(=O)CSc2cccc(-c3cnc4[nH]ccc4c3)c2)cc1C(F)(F)F","IC50","=",225.3,"nM","CHEMBL5719","ChEMBL",1
"CHEMBL5209455","Nc1ccc(Oc2ccc(NC(=O)Nc3ccc(Cl)c(C(F)(F)F)c3)cc2)cn1","IC50","=",51.1,"nM","CHEMBL5719","ChEMBL",1
"CHEMBL5270079","Cc1ccc(-n2nc(C(C)(C)C)cc2NC(=O)NCCCN2CCN(C(=O)Nc3cc(C(C)(C)C)nn3-c3ccc(C)cc3)CC2)cc1","Kd","=",30,"nM","CHEMBL5719","ChEMBL",1
"CHEMBL5270493","Cc1cccc(Cc2n[nH]c3cc(O)c(C(=O)N4Cc5ccccc5C4)cc23)c1","IC50","=",15,"nM","CHEMBL5719","ChEMBL",1
"CHEMBL5271114","O=C(Nc1cccc(C(F)(F)F)c1)NC1CCN(c2ccc3nncn3n2)C1","IC50","=",14,"nM","CHEMBL5719","ChEMBL",1
"CHEMBL5281052","CNc1ncc(Oc2ccc(NC(=O)Nc3ccc(Cl)c(C(F)(F)F)c3)cc2)c(N)n1","IC50","=",11,"nM","CHEMBL5719","ChEMBL",1
